CREATE DATABASE Cistech2db
GO
USE Cistech2db;

CREATE TABLE Zipcodes(
Zipcode_Id INT IDENTITY(1000000,1),
Zipcode VARCHAR(10)
)

CREATE TABLE States(
State_Id INT IDENTITY(2000000,1),
State VARCHAR(3)
)

Create TABLE Countries(
Country_Id INT IDENTITY(3000000,1),
Country VARCHAR(60),
)

CREATE TABLE NanAndCompanyProperties (
Company_Id INT IDENTITY(121000000,1),
Administration VARCHAR(255),
Address VARCHAR(255) NOT NULL UNIQUE,
City VARCHAR(255) NOT NULL,
State_Id INT,
Zipcode_Id INT,
Country_Id INT,
Phone_Number VARCHAR(15) NOT NULL UNIQUE,
Email VARCHAR(60) NOT NULL UNIQUE
)

CREATE TABLE EmployeeInformation(
Employee_Id INT Identity(245000000,1),
Company_Id INT,
First_Name VARCHAR(20) NOT NULL,
Last_Name VARCHAR(20) NOT NULL,
Address VARCHAR(255) NOT NULL,
City VARCHAR(255) NOT NULL,
State_Id INT,
Zipcode_Id INT,
Country_Id INT,
Phone_Number VARCHAR(15) NOT NULL UNIQUE,
Email VARCHAR(60) NOT NULL UNIQUE
)

CREATE TABLE RoleTypes(
Role_Type_Id INT IDENTITY(2400000,1),
Role_Type VARCHAR(255) NOT NULL,
DESCRIPTION TEXT NOT NULL
)

CREATE TABLE NonAgentRoles(
Team_Member_Id INT IDENTITY (500000000,1),
Employee_Id INT,
Role_Type_Id INT,
Date DATE NOT NULL
)

CREATE TABLE Infractions(
Infraction_Id INT IDENTITY(74700000,1),
Team_Member_Id INT,
Nature_Of_Infraction VARCHAR(255) NOT NULL,
Explanation TEXT,
Date DATE NOT NULL
)

CREATE TABLE ProbationPeriods(
Probation_Id INT IDENTITY(53800000,1),
Team_Member_Id INT,
Probation_Start_Date DATE NOT NULL,
Probation_End_Date DATE NOT NULL,
Number_Of_Transactions INT NOT NULL,
Notes TEXT
)

CREATE TABLE Programs(
Program_id INT IDENTITY (400000000,1),
Company_id INT,
Title varchar(255)
)

CREATE TABLE EnrollPrograms(
Enroll_Id INT IDENTITY (62600000,1),
Program_Id INT,
Employee_Id INT,
Date DATE NOT NULL
)

CREATE TABLE Bootcamps(
Bootcamp_id INT IDENTITY(41200000,1),
Program_id INT,
Title varchar(255)NOT NULL
)

CREATE TABLE Equipment(
Equipment_Id INT IDENTITY(7330000,1),
Bootcamp_Id INT,
Equipment VARCHAR(60) NOT NULL,
Value FLOAT NOT NULL,
Quantity INT NOT NULL
)

CREATE TABLE Courses(
Course_Id INT IDENTITY (86400000,1),
BootCamp_Id INT,
Title VARCHAR(255) NOT NULL
)

CREATE TABLE Instructors(
Instructor_Id INT IDENTITY(56100000,1),
Course_Id INT,
First_Name VARCHAR(20) NOT NULL,
Last_Name VARCHAR(20) NOT NULL,
Phone_Number VARCHAR(15) UNIQUE NOT NULL,
Email VARCHAR(60) UNIQUE NOT NULL,
Qualification VARCHAR(255) NOT NULL
)
CREATE TABLE RatingScale(
Rating_Id INT IDENTITY(3950000,1),
Rating INT NOT NULL,
DESCRIPTION VARCHAR(60)
)

CREATE TABLE Feedbacks(
Feedback_Id INT IDENTITY (791000000,1),
Course_Id INT,
Rating_Id INT,
Date DATE NOT NULL,
Comments TEXT
)

CREATE TABLE Grades(
Grade_Id INT IDENTITY(27850000,1),
Employee_Id INT,
BootCamp_Id INT,
Grade VARCHAR(1) NOT NULL
)

CREATE TABLE Certificates(
Certificate_Id INT IDENTITY (83700000,1),
Grade_Id INT,
Certification VARCHAR(60) NOT NULL
)

CREATE TABLE AgentRanks(
Rank_Id INT IDENTITY(3920000,1),
Rank VARCHAR(60) NOT NULL,
Description VARCHAR(255) NOT NULL,
)

CREATE TABLE Agents(
Agent_Id INT IDENTITY (700000000,1),
Team_Member_Id INT,
Certificate_Id INT,
Trec_License# INT NOT NULL,
Rank_Id INT,
Date DATE NOT NULL
)

CREATE TABLE Testimonials(
Testimonial_Id INT IDENTITY(44200000, 1),
Agent_Id INT,
Rating_Id INT,
Comment TEXT,
Date DATE NOT NULL
)


CREATE TABLE ReferralTypes(
Type_Id INT IDENTITY(1550000,1),
Type VARCHAR(20) NOT NULL UNIQUE
)

CREATE TABLE ReferralStatus(
Status_Id INT IDENTITY(2820000,1),
Status VARCHAR(60) NOT NULL UNIQUE
)

CREATE TABLE Referrals(
Referral_Id INT IDENTITY(30500000,1),
Agent_Id INT,
Status_Id INT,
Type_Id INT,
Date DATE NOT NULL,
Percentage INT NOT NULL,
City VARCHAR(255) NOT NULL,
State_Id INT,
Zipcode_Id INT,
Country_Id INT
)

CREATE TABLE Clients(
Client_Id INT IDENTITY(800000000,1),
Company_Id INT,
Agent_Id INT,
First_Name VARCHAR(20) NOT NULL,
Last_Name VARCHAR(20) NOT NULL,
Address VARCHAR(255) NOT NULL,
City VARCHAR(255) NOT NULL,
State_Id INT,
Zipcode_Id INT,
Country_Id INT,
Phone_Number VARCHAR(15) NOT NULL UNIQUE,
Email VARCHAR(60) NOT NULL UNIQUE
)

CREATE TABLE PropertyType(
Property_id INT IDENTITY(62000000,1),
Property_Type VARCHAR(255),
DESCRIPTION TEXT
)

CREATE TABLE ListingInformation(
Listing_Id INT IDENTITY(900000000, 1),
Client_Id INT,
Property_Id INT,
Address VARCHAR(255) NOT NULL,
City VARCHAR(255) NOT NULL,
State_Id INT,
Zipcode_Id INT,
Country_Id INT,
SQFeet INT NOT NULL,
NumberOfBedRooms INT NOT NULL,
NumberOfBathrooms INT NOT NULL
)

CREATE TABLE ListingStatus(
Status_Id INT IDENTITY (6950000,1),
Status VARCHAR(255)
)

CREATE TABLE SaleListings(
Sale_Listing_Id INT IDENTITY (83200000,1),
Listing_Id INT,
Status_Id INT,
Listing_Price FLOAT NOT NULL,
Year_Built VARCHAR(4) NOT NULL,
Christies_Listing BIT NOT NULL,
Date DATE NOT NULL,

)

CREATE TABLE PaymentTypes(
Payment_Type_Id INT IDENTITY(1850000,1),
Type VARCHAR(255),
)

CREATE TABLE Transactions(
Transaction_Id INT IDENTITY(64800000,1),
Sale_Listing_Id INT,
Payment_Type_Id INT,
Sold_Price FLOAT NOT NULL,
Comission_Percentage INT NOT NULL,
Date DATE NOT NULL
)

CREATE TABLE Amenities(
Amenity_Id INT IDENTITY(7600000,1),
Amenity VARCHAR(255) NOT NULL UNIQUE,
)

CREATE TABLE Features(
Feature_Id INT IDENTITY(8600000,1),
Feature VARCHAR(255) NOT NULL UNIQUE
)

CREATE TABLE LeaseListings(
Lease_Listing_Id INT IDENTITY(95400000,1),
Listing_Id INT,
Status_Id INT,
Laundry VARCHAR(30),
Smoking BIT NOT NULL,
Dogs_Allowed BIT NOT NULL,
Cats_Allowed BIT NOT NULL,
Maximum_Weight INT NOT NULL,
Rent FLOAT NOT NULL,
Date DATE NOT NULL
)

CREATE TABLE ListingAmenities(
Listing_Amenity_Id INT IDENTITY(21400000, 1),
Lease_Listing_Id INT,
Amenity_Id INT
)

CREATE TABLE ListingFeatures(
Listing_Feature_Id INT IDENTITY(31400000, 1),
Lease_Listing_Id INT,
Feature_Id INT )

CREATE TABLE LeaseAgreements(
Agreement_Id INT IDENTITY(76500000,1),
Lease_Listing_Id INT,
Lease_Start_Date DATE NOT NULL,
Lease_End_Date DATE NOT NULL,
Number_of_Pets INT NOT NULL,
Pet_deposit FLOAT
)

CREATE TABLE SignedLeases(
Signed_Lease_Id INT IDENTITY(77550000, 1),
Agreement_Id INT,
Client_Id INT,
Date DATE NOT NULL
)

CREATE TABLE AppointmentTopics(
Topic_Id INT IDENTITY(5290000,1),
Topic VARCHAR(60) UNIQUE,
)

CREATE TABLE Appointments(
Appointment_Id INT IDENTITY(31600000,1),
Agent_Id INT,
Client_Id INT,
Topic_Id INT,
Date DATE NOT NULL,
Time TIME NOT NULL
)

CREATE TABLE Campaigns(
Campaign_Id INT IDENTITY(8570000,1),
Title VARCHAR(255) NOT NULL,
Date DATE NOT NULL
)

CREATE TABLE MarketingPlans(
Plan_id INT IDENTITY(63750000,1),
Listing_id INT,
Agent_id INT,
Campaign_id INT,
Date DATE NOT NULL,
Source VARCHAR(255) NOT NULL,
Format VARCHAR(255) NOT NULL,
Goal TEXT
)

CREATE TABLE Complaints(
Complaint_Id INT IDENTITY(93210000,1),
Company_Id INT,
Nature_of_Complaint VARCHAR(255) NOT NULL UNIQUE,
Description TEXT,
Date DATE NOT NULL
)

CREATE TABLE TerminatedAgents(
Termination_id INT IDENTITY(82900000,1),
Company_Id INT,
First_Name VARCHAR(20) NOT NULL,
Last_Name VARCHAR(20) NOT NULL,
Termination_Date DATE NOT NULL,
Explanation TEXT,
)

CREATE TABLE SocialMedia(
Social_Media_Id INT IDENTITY(32210000,1),
Company_Id INT,
Platform VARCHAR(20) NOT NULL,
Account_Name VARCHAR(255) NOT NULL
)

CREATE TABLE OpenHouses(
Open_House_Id INT IDENTITY(42250000,1),
Listing_Id INT,
Time VARCHAR(20) NOT NULL,
Date VARCHAR(20) NOT NULL,
Agent_Id INT
)

CREATE TABLE CompanyLeads(
Company_Lead_id INT IDENTITY(88100000,1),
Company_Id INT,
First_Name VARCHAR(20) NOT NULL,
Last_Name VARCHAR(20) NOT NULL,
Phone_Number VARCHAR(15) NOT NULL,
Email VARCHAR(60) NOT NULL
)

CREATE TABLE AgentLeads(
Agent_Lead_id INT IDENTITY(77100000,1),
Agent_Id INT,
First_Name VARCHAR(20) NOT NULL,
Last_Name VARCHAR(20) NOT NULL,
Phone_Number VARCHAR(15) NOT NULL UNIQUE,
Email VARCHAR(60) NOT NULL UNIQUE,
Split_Percentage INT NOT NULL
)

CREATE TABLE InstructCourses(
Instruct_Course_id INT IDENTITY (9450000,1),
Course_Id INT,
Instructor_Id INT
)

INSERT INTO Zipcodes VALUES
	('77002'),
	('77003'),
	('77004'),
	('77005'),
	('77006'),
	('77007'),
	('77008'),
	('77009'),
	('77010'),
	('77011'),
	('77012'),
	('77013'),
	('77014'),
	('77015'),
	('77016'),
	('77017'),
	('77018'),
	('77019'),
	('77020'),
	('77021'),
	('77022'),
	('77023'),
	('77024'),
	('77025'),
	('77026'),
	('77027'),
	('77028'),
	('77029'),
	('77030'),
	('77031'),
	('77032'),
	('77033'),
	('77034'),
	('77035'),
	('77036'),
	('77037'),
	('77038'),
	('77039'),
	('77040'),
	('77041'),
	('77042'),
	('77043'),
	('77043'),
	('77044'),
	('77045'),
	('77046'),
	('77047'),
	('77048'),
	('77049'),
	('77050'),
	('77051'),
	('77052'),
	('77053'),
	('77054'),
	('77055'),
	('77056'),
	('77057'),
	('77058'),
	('77059'),
	('77060'),
	('77061'),
	('77062'),
	('77063'),
	('77064'),
	('77065'),
	('77066'),
	('77067'),
	('77068'),
	('77069'),
	('77070'),
	('77071'),
	('77072'),
	('77073'),
	('77074'),
	('77075'),
	('77076'),
	('77077'),
	('77078'),
	('77079'),
	('77080'),
	('77081'),
	('77082'),
	('77083'),
	('77084'),
	('77085'),
	('77086'),
	('77087'),
	('77088'),
	('77089'),
	('77090'),
	('77091'),
	('77092'),
	('77093'),
	('77094'),
	('77095'),
	('77096'),
	('77098'),
	('77099'),
	('77204'),
	('77325'),
	('77336'),
	('77338'),
	('77339'),
	('77345'),
	('77346'),
	('77354'),
	('77357'),
	('77365'),
	('77373'),
	('77375'),
	('77377'),
	('77379'),
	('77380'),
	('77381'),
	('77382'),
	('77384'),
	('77385'),
	('77386'),
	('77388'),
	('77389'),
	('77396'),
	('77401'),
	('77406'),
	('77407'),
	('77429'),
	('77433'),
	('77447'),
	('77449'),
	('77450'),
	('77459'),
	('77469'),
	('77472'),
	('77477'),
	('77478'),
	('77479'),
	('77484'),
	('77489'),
	('77492'),
	('77493'),
	('77494'),
	('77497'),
	('77498'),
	('77502'),
	('77503'),
	('77504'),
	('77505'),
	('77506'),
	('77507'),
	('77520'),
	('77530'),
	('77532'),
	('77536'),
	('77546'),
	('77547'),
	('77571'),
	('77573'),
	('77574'),
	('77578'),
	('77581'),
	('77584'),
	('77586'),
	('77587'),
	('77588'),
	('77598');

INSERT INTO States VALUES
	('AK'),
	('AL'),
	('AZ'),
	('AR'),
	('CA'),
	('CO'),
	('CT'),
	('DE'),
	('FL'),
	('GA'),
	('HI'),
	('ID'),
	('IL'),
	('IN'),
	('IA'),
	('KS'),
	('KY'),
	('LA'),
	('ME'),
	('MD'),
	('MA'),
	('MI'),
	('MN'),
	('MS'),
	('MO'),
	('MT'),
	('NE'),
	('NV'),
	('NH'),
	('NJ'),
	('NM'),
	('NY'),
	('NC'),
	('ND'),
	('OH'),
	('OK'),
	('OR'),
	('PA'),
	('RI'),
	('SC'),
	('SD'),
	('TN'),
	('TX'),
	('UT'),
	('VT'),
	('VA'),
	('WA'),
	('WV'),
	('WI'),
	('WY'),
	('N/A');
INSERT INTO Countries
Values
('United States'),
('Afghanistan'),
('Albania'),
('Algeria'),
('Andorra'),
('Angola'),
('Antigua and Barbuda'),
('Argentina'),
('Armenia'),
('Australia'),
('Austria'),
('Azerbaijan'),
('Bahamas'),
('Bahrain'),
('Bangladesh'),
('Barbados'),
('Belarus'),
('Belgium'),
('Belize'),
('Benin'),
('Bhutan'),
('Bolivia'),
('Bosnia and Herzegovina'),
('Botswana'),
('Brazil'),
('Brunei Darussalam'),
('Bulgaria'),
('Burkina Faso'),
('Burundi'),
('Cabo Verde'),
('Cambodia'),
('Cameroon'),
('Canada'),
('Central African Republic'),
('Chad'),
('Chile'),
('China'),
('Colombia'),
('Comoros'),
('Congo'),
('Costa Rica'),
('Côte D Ivoire'),
('Croatia'),
('Cuba'),
('Cyprus'),
('Czech Republic'),
('Democratic Peoples Republic of Korea'),
('Democratic Republic of the Congo'),
('Denmark'),
('Djibouti'),
('Dominica'),
('Dominican Republic'),
('Ecuador'),
('Egypt'),
('El Salvador'),
('Equatorial Guinea'),
('Eritrea'),
('Estonia'),
('Eswatini'),
('Ethiopia'),
('Fiji'),
('Finland'),
('France'),
('Gabon'),
('Gambia'),
('Georgia'),
('Germany'),
('Ghana'),
('Greece'),
('Grenada'),
('Guatemala'),
('Guinea'),
('Guinea Bissau'),
('Guyana'),
('Haiti'),
('Honduras'),
('Hungary'),
('Iceland'),
('India'),
('Indonesia'),
('Iran'),
('Iraq'),
('Ireland'),
('Israel'),
('Italy'),
('Jamaica'),
('Japan'),
('Jordan'),
('Kazakhstan'),
('Kenya'),
('Kiribati'),
('Kuwait'),
('Kyrgyzstan'),
('Lao People’s Democratic Republic'),
('Latvia'),
('Lebanon'),
('Lesotho'),
('Liberia'),
('Libya'),
('Liechtenstein'),
('Lithuania'),
('Luxembourg'),
('Madagascar'),
('Malawi'),
('Malaysia'),
('Maldives'),
('Mali'),
('Malta'),
('Marshall Islands'),
('Mauritania'),
('Mauritius'),
('Mexico'),
('Micronesia'),
('Monaco'),
('Mongolia'),
('Montenegro'),
('Morocco'),
('Mozambique'),
('Myanma'),
('Namibia'),
('Nauru'),
('Nepal'),
('Netherlands'),
('New Zealand'),
('Nicaragua'),
('Niger'),
('Nigeria'),
('North Macedonia'),
('Norway'),
('Oman'),
('Pakistan'),
('Palau'),
('Panama'),
('Papua New Guinea'),
('Paraguay'),
('Peru'),
('Philippines'),
('Poland'),
('Portugal'),
('Qatar'),
('Republic of Korea'),
('Republic of Moldova'),
('Romania'),
('Russian Federation'),
('Rwanda'),
('Saint Kitts and Nevis'),
('Saint Lucia'),
('Saint Vincent and the Grenadines'),
('Samoa'),
('San Marino'),
('Sao Tome and Principe'),
('Saudi Arabia'),
('Senegal'),
('Serbia'),
('Seychelles'),
('Sierra Leone'),
('Singapore'),
('Slovakia'),
('Slovenia'),
('Solomon Islands'),
('Somalia'),
('South Africa'),
('South Sudan'),
('Spain'),
('Sri Lanka'),
('Sudan'),
('Suriname'),
('Sweden'),
('Switzerland'),
('Syrian Arab Republic'),
('Tajikistan'),
('Thailand'),
('Timor-Leste'),
('Togo'),
('Tonga'),
('Trinidad and Tobago'),
('Tunisia'),
('Turkey'),
('Turkmenistan'),
('Tuvalu'),
('Uganda'),
('Ukraine'),
('United Arab Emirates'),
('United Kingdom of Great Britain and Northern Ireland'),
('United Republic of Tanzania'),
('Uruguay'),
('Uzbekistan'),
('Vanuatu'),
('Venezuela'), 
('Vietnam'),
('Yemen'),
('Zambia'),
('Zimbabwe');
INSERT INTO NanAndCompanyProperties
VALUES
('Nancy Almodovar', '2200 Post Oak Blvd. Ste 1475', 'Houston','2000042','1000055','3000000', '713-714-6454', 'Info@nanproperties.com');


INSERT INTO EmployeeInformation
VALUES
('121000000', 'Joseph', 'Vu', '8419 Courtview Rd', 'Houston', '2000042', '1000000', '3000000', '832-962-9886','josephvu@Nanproperties.com'),
('121000000', 'Amanda', 'West', '6742 Canario Dr', 'Houston', '2000042', '1000005', '3000000', '281-623-5890','amandawest@Nanproperties.com'),
('121000000', 'Stewart', 'Bailey', '9512 El Camino Dr', 'Houston', '2000042', '1000010', '3000000', '832-772-9056','stewartbailey@Nanproperties.com'),
('121000000', 'Susana', 'Suarez', '1637 Hummingbird Ln', 'Houston', '2000042', '1000157', '3000000', '832-216-8024','susanasuarez@Nanproperties.com'),
('121000000', 'Mary', 'Campbell', '1021 Binz Rd', 'Houston', '2000042', '1000015', '3000000', '713-746-9078','marycampbell@Nanproperties.com'),
('121000000', 'Michael', 'Layton', '5436 Willowridge Rd', 'Houston', '2000042', '1000025', '3000000', '281-928-1024','michaellayton@Nanproperties.com'),
('121000000', 'Phil', 'Ramsey', '7892 Manorcrest Ln', 'Houston', '2000042', '1000013', '3000000', '832-654-6814','philramsey@Nanproperties.com'),
('121000000', 'DeAnna', 'Moore', '4652 Summer Spring Rd', 'Houston', '2000042', '1000065', '3000000', '281-742-1086','deannamoore@Nanproperties.com'),
('121000000', 'Samuel', 'Smith', '6537 Meadow Walk Ln', 'Houston', '2000042', '1000061', '3000000', '832-543-7816','samuelsmith@Nanproperties.com'),
('121000000', 'Andrea', 'Mitchell', '6517 Savannah Bend Dr', 'Houston', '2000042', '1000095', '3000000', '832-516-6125','andreamitchell@Nanproperties.com'),
('121000000', 'Tam', 'Tat', '7002 Maple Dr', 'Houston', '2000042', '1000026', '3000000', '281-829-0011', 'TamTat@Nanproperties.com'),
('121000000', 'Jon', 'Mark', '9822 Cleveland St', 'Houston', '2000042', '1000056', '3000000', '281-939-5922', 'JonMark@Nanproperties.com'),
('121000000', 'Jabel', 'Lea', '1001 Cedar Creek', 'Houston', '2000042', '1000064', '3000000', '832-911-7543', 'JabelLea@Nanproperties.com'),
('121000000', 'Michelle', 'Kwong', '9822 King St', 'Houston', '2000042', '1000080', '3000000', '832-074-5421', 'MichelleKwong@Nanproperties.com'),
('121000000', 'Romy', 'Fong', '9822 Ip St', 'Houston', '2000042', '1000094', '3000000', '713-444-2222', 'RomyFong@Nanproperties.com'),
('121000000', 'Mary', 'Anne', '9832 Concord Rd', 'Houston', '2000042', '1000100', '3000000', '713-637-8322', 'MaryAnne@Nanproperties.com'),
('121000000', 'Cathy', 'Nguyen', '9333 Falls Ln', 'Houston', '2000042', '1000107', '3000000', '281-949-5633', 'CathyNguyen@Nanproperties.com'), 
('121000000', 'Ricky', 'Kawaja', '8392 Rojo Rock', 'Houston', '2000042', '1000108', '3000000', '281-833-6666', 'RickyKawaja@Nanproperties.com'),
('121000000', 'Joseph', 'Dang', '9292 Cypress St', 'Houston', '2000042', '1000110', '3000000', '713-933-6722', 'JosephDang@Nanproperties.com'),
('121000000', 'Diana', 'Martinez', '982 Austin St', 'Houston', '2000042', '1000115', '3000000', '713-744-7633', 'DianaMartinez@Nanproperties.com'),
('121000000', 'Daniel', 'Zuniga', '7519  Dixie DR', 'Houston', '2000042', '1000112', '3000000', '832-724-8654','DanielZuniga@Nanproperties.com'),
('121000000', 'Julian', 'Sandoval', '1123 Green DR', 'Houston', '2000042', '1000113', '3000000', '281-247-5495','JulianlSandoval@Nanproperties.com'),
('121000000', 'Rebecca', 'Lopez', '1485 Kirby DR', 'Houston', '2000042', '1000121', '3000000', '281-657-3245','RebeccaLopez@Nanproperties.com'),
('121000000', 'Odalis', 'Saldana', '1680 Stuebner RD', 'Houston', '2000042', '1000127', '3000000', '713-525-2425','OdalisSaldana@Nanproperties.com'),
('121000000', 'David', 'Silva', '1377 Broadway ST', 'Houston', '2000042', '1000129', '3000000', '713-994-7778','DavidSilva@Nanproperties.com'),
('121000000', 'Carmela', 'Martinez', '3120 Airline DR', 'Houston', '2000042', '1000130', '3000000', '713-867-9087','CarmelaMartinez@Nanproperties.com'),
('121000000', 'Brian', 'Lopez', '3488 Capitol ST', 'Houston', '2000042', '1000137', '3000000', '713-2345-6735','BrianLopez@Nanproperties.com'),
('121000000', 'Michael', 'Jordan', '5675 Sweetwater ST', 'Houston', '2000042', '1000145', '3000000', '832-854-0471','MichaelJordan@Nanproperties.com'),
('121000000', 'Arnoldo', 'Villalta', '5565 Newcastle ST', 'Houston', '2000042', '1000150', '3000000', '281-458-7102','ArnoldoVillalta@Nanproperties.com'),
('121000000', 'Dustin', 'Brown', '4378 Hay RD', 'Houston', '2000042', '1000155', '3000000', '832-923-3475','DustinBrown@Nanproperties.com'),
('121000000', 'Christian', 'Brown', '25105 Beam St.', 'Houston', '2000042', '1000034', '3000000', '281-895-8741', 'christianbrown@nanproperties.com'),
('121000000', 'Ellie', 'Ramos', '22100 California Rd.', 'Houston', '2000042', '1000062', '3000000', '281-895-8748', 'ellieramos@nanproperties.com'),
('121000000', 'Faith', 'Bead', '10502 West Rd.', 'Sugar Land', '2000042', '1000141', '3000000', '832-895-8748', 'faithbead@nanproperties.com'),
('121000000', 'Veronica', 'Naranjo', '5600 Wild Rd.', 'Houston', '2000042', '1000062', '3000000', '713-895-8748', 'veronicanaranjo@nanproperties.com'),
('121000000', 'Mike', 'Tracy', '4500 Antoine Rd.', 'Houston', '2000042', '1000062', '3000000', '281-832-8748', 'miketracy@nanproperties.com'),
('121000000', 'Jorge', 'Nasar', '2100 Anaheim Dr.', 'Houston', '2000042', '1000097', '3000000', '281-346-8748', 'jorgenasar@nanproperties.com'),
('121000000', 'Geo', 'Ramos', '78520 Sunset Rd.', 'Sugar Land', '2000042', '1000133', '3000000', '346-895-8748', 'georamos@nanproperties.com'),
('121000000', 'Nani', 'Rai', '4100 Bori Rd.', 'Houston', '2000042', '1000062', '3000000', '281-895-8000', 'nanirai@nanproperties.com'),
('121000000', 'Ross', 'Barkley', '748 Aston Villa Rd.', 'Sugar Land', '2000042', '1000141', '3000000', '281-713-8748', 'rossbarkley@nanproperties.com'),
('121000000', 'Elizabeth', 'Ortega', '22100 Katy Rd.', 'Houston', '2000042', '1000097', '3000000', '346-805-8748', 'elizabethortega@nanproperties.com'),
('121000000', 'Anna', 'Venturra', '6518 Starlight Blvd', 'Houston', '2000042', '1000073', '3000000', '832-163-2548','Annaventurra@Nanproperties.com'),
('121000000', 'Caleb', 'Garcia', '1873 Ridgeway', 'Houston', '2000042', '1000078', '3000000', '281-632-1973','Calebgarcia209@Nanproperties.com'),
('121000000', 'Patricia', 'Gomez', '7826 Dexter Dr', 'Houston', '2000042', '1000135', '3000000', '832-829-8719','Patriciagomez@Nanproperties.com'),
('121000000', 'Kelly', 'Bloom', '8273', 'Humble', '2000042', '1000091', '3000000', '281-827-3726','Kellybloom@Nanproperties.com'),
('121000000', 'April', 'Johnson', '2637 Orchid Rd', 'Houston', '2000042', '1000003', '3000000', '832-247-2643','Apriljohnson263@Nanproperties.com'),
('121000000', 'Pamela', 'Bryans', '7654 Yellowstone Rd', 'Houston', '2000042', '1000093', '3000000', '832-173-7263','Pamelabryans@Nanproperties.com'),
('121000000', 'Joel', 'Stevens', '6433 Kellsway Blvd', 'Katy', '2000042', '1000090', '3000000', '281-274-9915','Joelstevens@Nanproperties.com'),
('121000000', 'Eliza', 'Lopez', '8724 Olive Courts', 'Houston', '2000042', '1000130', '3000000', '832-726-1763','Elizalopez187@Nanproperties.com'),
('121000000', 'Warren', 'Jones', '9827 Treeyard Rd', 'Houston', '2000042', '1000145', '3000000', '832-827-2613','Warrenjones192@Nanproperties.com'),
('121000000', 'Olivia', 'Preston', '3762 Crystal Dr', 'Houston', '2000042', '1000154', '3000000', '281-265-8716','Oliviapreston@Nanproperties.com'),
('121000000', 'Manuel', 'King', '4685 Pineloch Dr', 'Houston', '2000042', '1000020', '3000000', '832-090-1246', 'manuelking@nanproperties.com'),
('121000000', 'Edward', 'Poe', '1415 Saturn Ln', 'Houston', '2000042', '1000024', '3000000', '832-513-8163', 'edwardpoe@nanproperties.com'),
('121000000', 'David', 'Phillips', '847 Evergreen Ridge Way', 'Houston', '2000042', '1000018', '3000000', '832-849-9913', 'davidphillips@nanproperties.com'),
('121000000', 'Rebecca', 'Tibbs', '2784 Chapel Street', 'Houston', '2000042', '1000020', '3000000', '832-235-7916', 'rebeccatibbs@nanproperties.com'),
('121000000', 'Grace', 'Jenkins', '4012 Michael St', 'Houston', '2000042', '1000025', '3000000', '832-115-8400', 'gracejenkins@nanproperties.com'),
('121000000', 'Jon', 'Lancaster', '3803 Millbridge Dr', 'Houston', '2000042', '1000013', '3000000', '832-648-7756', 'jonlancaster@nanproperties.com'),
('121000000', 'Roger', 'Alfred', '11227 Vienna Trails Ln', 'Houston', '2000042', '1000021', '3000000', '832-780-0522', 'rogeralfred@nanproperties.com'),
('121000000', 'Omari', 'Wells', '395 Country Rd', 'Houston', '2000042', '1000033', '3000000', '832-448-3887', 'omariwells@nanproperties.com'),
('121000000', 'Cairo', 'Page', '524 Airport Rd', 'Houston', '2000042', '1000032', '3000000', '832-498-2279', 'cairopage@nanproperties.com'),
('121000000', 'Michael', 'Grier', '143 Rainbow Rd', 'Houston', '2000042', '1000112', '3000000', '832-152-4782','MichaelGrier@Nanproperties.com'),
('121000000', 'Lamar', 'Munoz', '369 Vine St', 'Houston', '2000042', '1000118', '3000000', '832-152-4781','LamarMunoz@Nanproperties.com'),
('121000000', 'Carmen', 'Singleton', '8167 North Manchester Dr', 'Houston', '2000042', '1000142', '3000000', '832-654-9871','CarmenSingleton@Nanproperties.com'),
('121000000', 'Laura', 'Jacobs', '5785 New St', 'Houston', '2000042', '1000137', '3000000', '832-952-4752','Laura Jacobs@Nanproperties.com'),
('121000000', 'Flora', 'Chavez', '768 Windfall St', 'Houston', '2000042', '1000155', '3000000', '832-251-8462','FloraChavez@Nanproperties.com'),
('121000000', 'Rodney', 'Lewis', '9899 Old Edgemont St', 'Houston', '2000042', '1000129', '3000000', '432-946-0043','RodneyLewis@Nanproperties.com'),
('121000000', 'Brent', 'McGee', '9498 Orange Dr', 'Houston', '2000042', '1000113', '3000000', '832-837-8944','BrentMcGee@Nanproperties.com'),
('121000000', 'Olive', 'Garner', '860 Kingston St', 'Houston', '2000042', '1000120', '3000000', '832-111-9846','OliveGarner@Nanproperties.com'),
('121000000', 'Kari', 'Jordan', '4956 West Rockland Dr', 'Houston', '2000042', '1000065', '3000000', '832-984-0123','KariJordan@Nanproperties.com'),
('121000000', 'Wallace', 'Jones', '706 Wayne Lane', 'Houston', '2000042', '1000077', '3000000', '832-521-9944','WallaceJones@Nanproperties.com'),
('121000000', 'Eva', 'Clayton', '5717 Bridge St', 'Houston', '2000042', '1000111', '3000000', '832-746-8989','EvaClayton@Nanproperties.com'),
('121000000', 'Antoinette', 'Watkins', '291 Belmont Dr', 'Houston', '2000042', '1000119', '3000000', '832-172-7289','AntoinetteWatkins@Nanproperties.com'),
('121000000', 'Daniel', 'Nguyen', '18246 Mcallister Rd', 'Houston', '2000042', '1000022', '3000000', '713-512-0921', 'DanielNguyen@Nanproperties.com'),
('121000000', 'Sarah', 'Yip', '4303 Herridge St', 'Houston', '2000042', '1000075', '3000000', '832-812-7536', 'SarahYip@Nanproperties.com'),
('121000000', 'Julia', 'Vuong', '151 Steinfeldt Rd', 'Houston', '2000042', '1000017', '3000000', '281-912-0758', 'JuliaVuong@Nanproperties.com'),
('121000000', 'Justin', 'Escorpizo', '10501 South Dr', 'Houston', '2000042', '1000081','3000000', '832-516-7128', 'JustinEscorpizo@Nanproperties.com'),
('121000000', 'Jonathan', 'Wiggins', '10725 Rangeline Rd', 'Houston', '2000042', '1000032','3000000', '832-124-9213', 'JonathanWiggins@Nanproperties.com'),
('121000000', 'Anthony', 'Nguyen', '18590 Frame Dr', 'Houston', '2000042', '1000062','3000000', '832-814-0291', 'AnthonyNguyen@Nanproperties.com'),
('121000000', 'Carlos', 'Garcia', '9401 Tanager St', 'Houston', '2000042', '1000072','3000000', '832-815-0293', 'CarlosGarcia@Nanproperties.com'),
('121000000', 'Julienne', 'Tan', '16695 Oak Hill Drive Rd','Katy', '2000042', '1000056','3000000', '832-212-2123', 'JulienneTang@Nanproperties.com'),
('121000000', 'Nancy', 'Espinal', '530 Florence St', 'Richmond', '2000042', '1000121','3000000', '281-812-9102', 'NancyEspinal@Nanproperties.com'),
('121000000', 'Aaron', 'Yuen', '8205 Northview Ln','Houston','2000042', '1000004','3000000', '281-537-3321', 'AaronYuen@Nanproperties.com'),
('121000000', 'Yash', 'Sehgal', '11227 Vienna Trails Ln', 'Houston', '2000042', '1000021','3000000', '832-901-2031', 'YashSehgal@Nanproperties.com'),
('121000000', 'Paul', 'Pham', '7601 Curry Rd', 'Houston', '2000042', '1000027','3000000', '832-918-2999', 'PaulPham@Nanproperties.com'),
('121000000', 'Carol', 'Compton', '9346 Creekmill Ln', 'Houston', '2000042', '1000005', '3000000', '832-214-6554','carolcompton@Nanproperties.com'),
('121000000', 'Sally', 'Anderson', '7582 Silver Sage Rd', 'Houston', '2000042', '1000156', '3000000', '832-646-9185','sallyanderson@Nanproperties.com'),
('121000000', 'Jake', 'Love', '897 Colorado Ln', 'Houston', '2000042', '1000116', '3000000', '832-744-1111', 'JakeLove@Nanproperties.com'),
('121000000', 'Raymond', 'Mendoza', '1222 Hallond Rd', 'Houston', '2000042', '1000117', '3000000', '832-944-6473', 'RaymondMendoza@Nanproperties.com'),
('121000000', 'Jose', 'Davila', '5698 Jupiter RD', 'Houston', '2000042', '1000156', '3000000', '832-888-9090','JoseDavila@Nanproperties.com'), 
('121000000', 'Jorge', 'Martinez', '5511 Lost RD', 'Houston', '2000042', '1000157', '3000000', '832-923-3474','JorgeMartinez@Nanproperties.com'),
('121000000', 'Alexis', 'Segura', '78500 Calahan St.', 'Houston', '2000042', '1000062', '3000000', '281-710-8008', 'alexissegura@nanproperties.com'),
('121000000', 'Juan', 'Maradona', '2000 Boca Rd.', 'Houston', '2000042', '1000097', '3000000', '713-195-8748', 'juanmaradona@nanproperties.com'),
('121000000', 'Joshua', 'Gardens', '1187 Umbrella Trails', 'Houston', '2000042', '1000125', '3000000', '832-112-8716','Joshuagardens@Nanproperties.com'),
('121000000', 'Whitney', 'Bell', '5728 Briarwood', 'Houston', '2000042', '1000118', '3000000', '832-518-2988','Whitneybell@Nanproperties.com');

INSERT INTO Programs
VALUES
('121000000', 'Nan New Agent Program'),
('121000000', 'Advanced Agent Program');

INSERT INTO EnrollPrograms
VALUES
(400000000, 245000001, '2018-02-13'),
(400000000, 245000002, '2017-11-27'),
(400000000, 245000005, '2016-07-14'),
(400000000, 245000006, '2018-06-22'),
(400000000, 245000009, '2013-03-21'),
(400000000, 245000010, '2010-09-18'),
(400000000, 245000012, '2018-05-12'),
(400000000, 245000013, '2013-04-28'),
(400000000, 245000016, '2015-09-24'),
(400000000, 245000017, '2014-01-23'),
(400000000, 245000019, '2019-10-03'),
(400000000, 245000021, '2013-05-19'),
(400000000, 245000022, '2018-02-22'),
(400000000, 245000024, '2020-06-27'),
(400000000, 245000025, '2017-10-29'),
(400000000, 245000027, '2005-06-23'),
(400000000, 245000030, '2014-01-25'),
(400000000, 245000032, '2019-08-07'),
(400000000, 245000033, '2012-03-05'),
(400000000, 245000035, '2011-01-20'),
(400000000, 245000039, '2015-07-19'),
(400000000, 245000040, '2020-04-24'),
(400000000, 245000044, '2006-03-04'),
(400000000, 245000045, '2007-11-28'),
(400000000, 245000048, '2014-02-05'),
(400000000, 245000050, '2019-12-13'),
(400000000, 245000052, '2014-04-01'),
(400000000, 245000053, '2015-08-04'),
(400000000, 245000055, '2017-09-12'),
(400000000, 245000056, '2016-11-29'),
(400000000, 245000058, '2012-06-06'),
(400000000, 245000060, '2011-10-17'),
(400000000, 245000065, '2008-05-05'),
(400000000, 245000066, '2011-07-08'),
(400000000, 245000070, '2018-07-16'),
(400000000, 245000074, '2006-12-22'),
(400000000, 245000075, '2008-09-29'),
(400000000, 245000078, '2018-08-18'),
(400000000, 245000080, '2017-10-11'),
(400000000, 245000081, '2016-11-12'),
(400000000, 245000083, '2020-07-08'),
(400000000, 245000084, '2010-01-03'),
(400000000, 245000086, '2014-12-03'),
(400000000, 245000088, '2015-06-28'),
(400000000, 245000091, '2009-11-12'),

(400000001, 245000010, '2017-03-28'),
(400000001, 245000013, '2019-10-29'),
(400000001, 245000017, '2020-07-27'),
(400000001, 245000021, '2018-11-19'),
(400000001, 245000030, '2020-07-25'),
(400000001, 245000033, '2018-09-06'),
(400000001, 245000044, '2011-12-04'),
(400000001, 245000045, '2014-05-28'),
(400000001, 245000048, '2020-08-05'),
(400000001, 245000052, '2020-10-03'),
(400000001, 245000058, '2018-12-07'),
(400000001, 245000060, '2018-04-18'),
(400000001, 245000065, '2014-11-06'),
(400000001, 245000066, '2018-01-08'),
(400000001, 245000074, '2013-06-22'),
(400000001, 245000075, '2015-03-30'),
(400000001, 245000084, '2016-07-03'),
(400000001, 245000091, '2016-05-14');

INSERT INTO Bootcamps
VALUES
('400000000', 'New Career Bootcamp'),
('400000000', 'Reinvent Yourself Bootcamp'),
('400000001', 'Ninja Bootcamp'),
('400000001', 'Christies Bootcamp'),
('400000001', 'Become More Bootcamp');

INSERT INTO Equipment VALUES
('41200000', 'Desktop Computer', '850.00', '15'),
('41200000', 'Laptop', '450.00', '6'),
('41200000', 'Projector', '1200.00', '1'),
('41200000', 'Copier', '1500.00', '1'),
('41200000', 'Desk', '250.00', '21'),
('41200000', 'Chair', '120.00', '21'),
('41200001', 'Desktop Computer', '850.00', '10'),
('41200001', 'Laptop', '450.00', '5'),
('41200001', 'Projector', '1200.00', '1'),
('41200001', 'Copier', '1500.00', '1'),
('41200001', 'Desk', '250.00', '15'),
('41200001', 'Chair', '120.00', '15'),
('41200002', 'Desktop Computer', '850.00', '15'),
('41200002', 'Laptop', '450.00', '6'),
('41200002', 'Projector', '1200.00', '1'),
('41200002', 'Copier', '1500.00', '1'),
('41200002', 'Desk', '250.00', '21'),
('41200002', 'Chair', '120.00', '21'),
('41200003', 'Desktop Computer', '850.00', '15'),
('41200003', 'Laptop', '450.00', '6'),
('41200003', 'Projector', '1200.00', '1'),
('41200003', 'Copier', '1500.00', '1'),
('41200003', 'Desk', '250.00', '21'),
('41200003', 'Chair', '120.00', '21'),
('41200004', 'Desktop Computer', '850.00', '15'),
('41200004', 'Laptop', '450.00', '6'),
('41200004', 'Projector', '1200.00', '1'),
('41200004', 'Copier', '550.00', '1'),
('41200004', 'Desk', '250.00', '21'),
('41200004', 'Chair', '120.00', '21');

INSERT INTO Courses VALUES
('41200000', 'Principles of Real Estate'),
('41200000', 'Law of Contracts'),
('41200000', 'Real Estate Marketing'),
('41200000', 'Exam Prep'),
('41200001', 'Real Estate Appraisal'),
('41200001', 'Real Estate Investments'),
('41200001', 'Real Estate Brokerage'),
('41200001', 'Field Experience'),
('41200002', '18-Hour Trends & Disruptors Continuing Education'),
('41200002', '18-Hour Broker Responsibility Continuing Education'),
('41200002', 'Legal Update'),
('41200002', 'Risk Reduction Assessment'),
('41200003', 'Becoming a Certified International Property specialist(CIPS)'),
('41200003', 'International Real Estate Laws'),
('41200003', 'Real Estate by Culture'),
('41200003', 'Selling in a Global Market'),
('41200004', 'The 3 Ts to Success: Tools, Trends, and Technology'),
('41200004', 'Prospering in a Competitive Market'),
('41200004', 'Prospering with Trends and Strategies'),
('41200004', 'Selling to Different Generations');

INSERT INTO Instructors VALUES
('86400000', 'Richard', 'Elkowitz', '281-932-8032','richardelkowitz@Nanproperties.com', 'BS'),
('86400001', 'Jennifer', 'Escamilla', '832-282-8502','jenniferescamilla@Nanproperties.com', 'AAS'),
('86400002', 'Ashley', 'Patchen', '713-785-6666','ashleypatchen@Nanproperties.com', 'MBA'),
('86400003', 'Jimmy', 'Simien', '281-213-0274','jimmysimien@Nanproperties.com', 'BS'),
('86400004', 'Haoran', 'Zhu', '832-729-0750','haoranzhu@Nanproperties.com', 'MBA'),
('86400005', 'Fiona', 'Anderson', '832-475-8474','fionaanderson@Nanproperties.com', 'BS'),
('86400006', 'Monica', 'Foster', '281-843-9397','monicafoster@Nanproperties.com', 'MBA'),
('86400007', 'James', 'Coate', '832-743-1158','jamaescoate@Nanproperties.com', 'AAS'),
('86400008', 'Gina', 'Tran', '832-721-8193','ginatran@Nanproperties.com', 'MBA'),
('86400009', 'Melanie', 'Ehrlich', '281-493-7946','melanieehrlich@Nanproperties.com', 'BS')

INSERT INTO RatingScale VALUES
('1', 'Lowest rating - Terrible'),
('2', 'Needs improvement'),
('3', 'No opinion'),
('4', 'Okay'),
('5', 'Highest rating - Great');

INSERT INTO Feedbacks VALUES
('86400000', '3950000', '2015-05-01', 'Not enough time'),
('86400001', '3950003', '2016-01-23', 'Good resources'),
('86400002', '3950002', '2017-12-21', 'Need more time'),
('86400003', '3950003', '2018-03-14', 'Okay course'),
('86400004', '3950004', '2019-05-17', 'No complaints'),
('86400005', '3950004', '2020-02-14', 'Very helpful'),
('86400006', '3950001', '2021-10-22', 'Not helpful'),
('86400007', '3950000', '2015-06-12', 'Too easy'),
('86400008', '3950001', '2016-02-26', 'Too hard'),
('86400009', '3950004', '2017-01-08', 'Interesting topics'),
('86400010', '3950003', '2018-04-02', 'Not useful information'),
('86400011', '3950004', '2019-08-17', 'Too many courses to go through'),
('86400012', '3950004', '2020-02-16', 'Instructor was helpful and kind'),
('86400013', '3950001', '2021-11-20', 'Rude instructors. Please do better'),
('86400014', '3950000', '2015-07-24', 'All self-taught because the instructors was not helpful'),
('86400015', '3950001', '2016-03-16', 'Instructor did not know what they were doing'),
('86400016', '3950002', '2017-02-03', 'Too many assignments'),
('86400017', '3950003', '2018-12-31', 'Amazing instructor!'),
('86400018', '3950004', '2019-05-15', 'Instructor was helpful!'),
('86400019', '3950004', '2020-03-19', 'Easy work just read'),
('86400000', '3950003', '2021-06-12', 'Grading kinda harsh but instructor was nice'),
('86400018', '3950002', '2015-08-23', 'Program needs improvement'),
('86400007', '3950002', '2016-04-10', 'Bootcamps were okay'),
('86400006', '3950000', '2017-07-14', 'Need more funding into improving bootcamps'),
('86400005', '3950000', '2018-08-21', 'Too many useless courses to take'),
('86400004', '3950000', '2019-01-10', 'Need more time to work'),
('86400003', '3950001', '2020-11-20', 'Need instructors that would work with my schedule'),
('86400012', '3950001', '2021-10-21', 'Conflicting with schedule'),
('86400011', '3950004', '2015-09-09', 'Work hard and good grade!'),
('86400010', '3950003', '2016-05-22', 'Worth the effort'),
('86400019', '3950003', '2017-04-07', 'Helpful and smarter after completing courses'),
('86400018', '3950000', '2018-07-25', 'Hate it here'),
('86400017', '3950001', '2019-07-26', 'I did not understand it even after studying'),
('86400006', '3950000', '2020-08-04', 'Rude instructor'),
('86400005', '3950001', '2021-04-18', 'Please be kinder to people that require different learning needs'),
('86400004', '3950000', '2015-10-12', 'Could use more help in courses'),
('86400003', '3950001', '2016-06-25', 'Did not understand the material'),
('86400012', '3950002', '2017-02-23', 'I do not understand how this would help me'),
('86400011', '3950003', '2018-04-14', 'I guess it was okay'),
('86400010', '3950004', '2019-06-12', 'Fine'),
('86400010', '3950003', '2020-03-11', 'Helpful thanks'),
('86400011', '3950003', '2021-03-15', 'Understandable to read'),
('86400002', '3950004', '2015-11-18', 'Realistic scenerios to help with progression'),
('86400013', '3950001', '2016-07-14', 'Whats the point of this'),
('86400004', '3950002', '2017-10-02', 'Easy'),
('86400015', '3950003', '2018-10-08', 'Finished it in a couple of months'),
('86400006', '3950004', '2019-05-25', 'Helpful courses that will apply to my work'),
('86400007', '3950000', '2020-07-21', 'Too hard and not very helpful when I needed help'),
('86400008', '3950001', '2021-08-09', 'Did not answer my questions'),
('86400009', '3950000', '2015-12-14', 'Lost the whole time'),
('86400000', '3950001', '2016-08-19', 'Kinda hard but could do better'),
('86400011', '3950002', '2017-09-12', 'Reading was boring'),
('86400002', '3950003', '2018-02-11', 'Pretty good'),
('86400003', '3950004', '2019-10-31', 'Did great and great instructors'),
('86400014', '3950000', '2020-04-18', 'Never again'),
('86400015', '3950001', '2021-05-15', 'Too hard and have to retake');

INSERT INTO RoleTypes VALUES
('Sales Director','Oversees all agents and assists with any needs'),
('Marketing Director','Manages all projects and marketing team tasks'),
('Agent Support Specialist','Handles onboarding and trainings on internal systems'),
('Director of Operations','Manages all relationships with affiliates and referrals'),
('Head of Accounting', 'Manages all of the accounting department'),
('Accounting Assistant','Assists with all accounting needs'),
('Social Media Specialist','Manages all social media accounts'),
('Graphic Designer','Creates all company branded graphic content'),
('Content Creator','Writes all content for agents and article posts'),
('Videographer','Films and edits all listing and lifestyle videos'),
('Video Intern','Assists in editing and creating all videos'),
('Receptionist','Face of the company'),
('CEO','Oversees all company business'),
('COO','Oversees all office tasks and operations'),
('Office Admin','Conducts any miscellaneous office tasks to be done'),
('Marketing Assistant','Assists in any overflow of work for the marketing department'), 
('Technology Consultant','Keeps systems running seamlessly and provides updates for company website'),
('Virtual Assistant','Assists with any paperwork or data entry at request of the agents'),
('Agent In Training','Agent competing program to become a full-time agent'),
('Sign Installer','Installs for sale signs upon request');

INSERT INTO NonAgentRoles
VALUES
('245000000', '2400019', '2015-01-19'),
('245000001', '2400018', '2018-02-13'),
('245000002', '2400018', '2017-11-27'),
('245000003', '2400011', '2014-08-11'),
('245000004', '2400014', '2015-03-02'),
('245000005', '2400018', '2016-07-14'),
('245000006', '2400018', '2018-06-22'),
('245000007', '2400005', '2019-09-01'),
('245000008', '2400010', '2020-01-06'),
('245000009', '2400018', '2013-03-21'),
('245000010', '2400018', '2010-09-18'),
('245000011', '2400014', '2011-01-20'),
('245000012', '2400018', '2018-05-12'),
('245000013', '2400018', '2013-04-28'),
('245000014', '2400019', '2016-10-07'),
('245000015', '2400011', '2009-12-05'),
('245000016', '2400018', '2015-09-24'),
('245000017', '2400018', '2014-01-23'),
('245000018', '2400000', '2009-05-18'),
('245000019', '2400018', '2019-10-03'),
('245000020', '2400014', '2017-06-14'),
('245000021', '2400018', '2013-05-19'),
('245000022', '2400018', '2018-02-22'),
('245000023', '2400015', '2015-04-17'),
('245000024', '2400018', '2020-06-27'),
('245000025', '2400018', '2017-10-29'),
('245000026', '2400005', '2008-11-03'),
('245000027', '2400018', '2005-06-23'),
('245000028', '2400001', '2007-07-28'),
('245000029', '2400011', '2012-08-05'),
('245000030', '2400018', '2014-01-25'),
('245000031', '2400002', '2018-02-14'),
('245000032', '2400018', '2019-08-07'),
('245000033', '2400018', '2012-03-05'),
('245000034', '2400017', '2014-05-11'),
('245000035', '2400018', '2011-01-20'),
('245000036', '2400017', '2012-06-10'),
('245000037', '2400019', '2015-04-20'),
('245000038', '2400016', '2013-10-06'),
('245000039', '2400018', '2015-07-19'),
('245000040', '2400018', '2020-04-24'),
('245000041', '2400003', '2011-08-15'),
('245000042', '2400011', '2017-01-16'),
('245000043', '2400010', '2020-12-19'),
('245000044', '2400018', '2006-03-04'),
('245000045', '2400018', '2007-11-28'),
('245000046', '2400009', '2010-05-11'),
('245000047', '2400005', '2016-04-21'),
('245000048', '2400018', '2014-02-05'),
('245000049', '2400004', '2009-01-13'),
('245000050', '2400018', '2019-12-13'),
('245000051', '2400015', '2018-01-22'),
('245000052', '2400018', '2014-04-01'),
('245000053', '2400018', '2015-08-04'),
('245000054', '2400016', '2017-05-27'),
('245000055', '2400018', '2017-09-12'),
('245000056', '2400018', '2016-11-29'),
('245000057', '2400014', '2015-03-20'),
('245000058', '2400018', '2012-06-06'),
('245000059', '2400015', '2014-07-05'), 
('245000060', '2400018', '2011-10-17'),
('245000061', '2400016', '2013-02-03'),
('245000062', '2400017', '2018-04-26'),
('245000063', '2400014', '2010-09-02'),
('245000064', '2400016', '2009-12-21'),
('245000065', '2400018', '2008-05-05'),
('245000066', '2400018', '2011-07-08'),
('245000067', '2400015', '2018-02-10'),
('245000068', '2400010', '2019-08-19'),
('245000069', '2400005', '2019-01-30'),
('245000070', '2400018', '2018-07-16'),
('245000071', '2400007', '2020-06-10'),
('245000072', '2400007', '2019-03-16'),
('245000073', '2400006', '2012-11-26'),
('245000074', '2400018', '2006-12-22'),
('245000075', '2400018', '2008-09-29'),
('245000076', '2400008', '2010-04-04'),
('245000077', '2400009', '2014-02-23'),
('245000078', '2400018', '2018-08-18'),
('245000079', '2400011', '2015-05-15'),
('245000080', '2400018', '2017-10-11'),
('245000081', '2400018', '2016-11-12'),
('245000082', '2400011', '2011-03-13'),
('245000083', '2400018', '2020-07-08'),
('245000084', '2400018', '2010-01-03'),
('245000085', '2400009', '2013-02-06'),
('245000086', '2400018', '2014-12-03'),
('245000087', '2400019', '2015-12-07'),
('245000088', '2400018', '2015-06-28'),
('245000089', '2400008', '2016-04-14'),
('245000090', '2400019', '2008-03-13'),
('245000091', '2400018', '2009-11-12'),
('245000092', '2400005', '2005-10-10');

INSERT INTO Infractions
VALUES
('500000028', 'Missed too many days', 'Employee failed to report to work for more than three consecutive days', '2008-03-11'),
('500000051', 'Verbal threats', 'Employee was seen verbally threatening another employee over disagreement', '2020-05-08'),
('500000017', 'Fraud', 'Employee falsely reported identity including name, date of birth, and social security number', '2016-11-20'),
('500000009', 'Excessive tardiness', 'Employee has repeatedly been late to work', '2015-09-21'),
('500000035', 'Misrepresentation', 'Employee falsely made statments regarding company policy and ethics', '2015-01-04'),
('500000080', 'Missed too many days', 'Employee failed to report to work for more than three consecutive days', '2019-10-15'),
('500000064', 'Work not completed', 'Employee failed to complete assigned tasks within scheduled timeframe', '2012-07-18'),
('500000043', 'Misconduct', 'Employee was seen vandalizing company property', '2021-01-22'),
('500000026', 'Excessive tardiness', 'Employee has been late to work for three consecutive days without prior notice', '2016-05-19'),
('500000033', 'Misrepresentation', 'Employee falsely advertised company services to potential clients', '2016-11-20'),
('500000004', 'Missed too many days', 'Employee failed to report to work for more than three consecutive days', '2018-12-03'),
('500000089', 'Work not completed', 'Employee failed to complete assigned tasks within scheduled timeframe', '2014-03-16'),
('500000071', 'Theft', 'Employee was observed taking company property without proper authorization', '2021-01-08'),
('500000032', 'Unauthorized access', 'Employee failed to obtain proper authorization for items purchased with company funds', '2020-09-03'),
('500000020', 'Missed too many days', 'Employee failed to report to work for more than three consecutive days', '2019-02-13'),
('500000057', 'Work not completed', 'Employee failed to complete assigned tasks within scheduled timeframe', '2019-11-01'),
('500000041', 'Fraud', 'Employee falsely reported identity including name, date of birth, and social security number', '2018-10-11'),
('500000010', 'Missed too many days', 'Employee failed to report to work for more than three consecutive days', '2012-05-19'),
('500000073', 'Misrepresentation', 'Employee falsely advertised company services to potential clients', '2016-09-13'),
('500000068', 'Failure to report changes', 'Employee failed to report status changes to supervisor resulting in inaccurate data', '2014-08-07');

INSERT INTO Grades
VALUES
('245000001', '41200000', 'A'),
('245000002', '41200000', 'B'),
('245000005', '41200001', 'B'),
('245000006', '41200001', 'C'),
('245000009', '41200001', 'F'),
('245000010', '41200000', 'A'),
('245000012', '41200000', 'B'),
('245000013', '41200001', 'B'),
('245000016', '41200000', 'C'),
('245000017', '41200001', 'B'),
('245000019', '41200001', 'B'),
('245000021', '41200001', 'A'),
('245000022', '41200000', 'A'),
('245000024', '41200000', 'D'),
('245000025', '41200000', 'C'),
('245000027', '41200000', 'F'),
('245000030', '41200001', 'B'),
('245000032', '41200000', 'B'),
('245000033', '41200001', 'C'),
('245000035', '41200001', 'D'),
('245000039', '41200000', 'B'),
('245000040', '41200001', 'B'),
('245000044', '41200000', 'C'),
('245000045', '41200000', 'C'),
('245000048', '41200000', 'C'),
('245000050', '41200001', 'B'),
('245000052', '41200000', 'B'),
('245000053', '41200001', 'C'),
('245000055', '41200001', 'A'),
('245000056', '41200001', 'A'),
('245000058', '41200000', 'C'),
('245000060', '41200000', 'B'),
('245000065', '41200001', 'B'),
('245000066', '41200001', 'B'),
('245000070', '41200000', 'A'),
('245000074', '41200001', 'C'),
('245000075', '41200001', 'A'),
('245000078', '41200000', 'C'),
('245000080', '41200000', 'C'),
('245000081', '41200000', 'C'),
('245000083', '41200000', 'B'),
('245000084', '41200000', 'B'),
('245000086', '41200001', 'F'),
('245000088', '41200001', 'A'),
('245000091', '41200001', 'B'),

('245000010', '41200004', 'B'),
('245000013', '41200004', 'B'),
('245000017', '41200003', 'B'),
('245000021', '41200003', 'D'),
('245000030', '41200002', 'C'),
('245000033', '41200003', 'C'),
('245000044', '41200004', 'A'),
('245000045', '41200004', 'F'),
('245000048', '41200002', 'A'),
('245000052', '41200002', 'C'),
('245000058', '41200002', 'C'),
('245000060', '41200003', 'B'),
('245000065', '41200002', 'A'),
('245000066', '41200003', 'D'),
('245000074', '41200004', 'B'),
('245000075', '41200003', 'C'),
('245000084', '41200002', 'B'),
('245000091', '41200004', 'B');

INSERT INTO Certificates
VALUES
('27850000', 'Real Estate Agent Certification'),
('27850001', 'Real Estate Agent Certification'),
('27850002', 'Real Estate Agent Certification'),
('27850003', 'Real Estate Agent Certification'),
('27850005', 'Real Estate Agent Certification'),
('27850006', 'Real Estate Agent Certification'),
('27850007', 'Real Estate Agent Certification'),
('27850008', 'Real Estate Agent Certification'),
('27850009', 'Real Estate Agent Certification'),
('27850010', 'Real Estate Agent Certification'),
('27850011', 'Real Estate Agent Certification'),
('27850012', 'Real Estate Agent Certification'),
('27850014', 'Real Estate Agent Certification'),
('27850016', 'Real Estate Agent Certification'),
('27850017', 'Real Estate Agent Certification'),
('27850018', 'Real Estate Agent Certification'),
('27850020', 'Real Estate Agent Certification'),
('27850021', 'Real Estate Agent Certification'),
('27850022', 'Real Estate Agent Certification'),
('27850023', 'Real Estate Agent Certification'),
('27850024', 'Real Estate Agent Certification'),
('27850025', 'Real Estate Agent Certification'),
('27850026', 'Real Estate Agent Certification'),
('27850027', 'Real Estate Agent Certification'),
('27850028', 'Real Estate Agent Certification'),
('27850029', 'Real Estate Agent Certification'),
('27850030', 'Real Estate Agent Certification'),
('27850031', 'Real Estate Agent Certification'),
('27850032', 'Real Estate Agent Certification'),
('27850033', 'Real Estate Agent Certification'),
('27850034', 'Real Estate Agent Certification'),
('27850035', 'Real Estate Agent Certification'),
('27850036', 'Real Estate Agent Certification'),
('27850037', 'Real Estate Agent Certification'),
('27850038', 'Real Estate Agent Certification'),
('27850039', 'Real Estate Agent Certification'),
('27850040', 'Real Estate Agent Certification'),
('27850041', 'Real Estate Agent Certification'),
('27850043', 'Real Estate Agent Certification'),
('27850044', 'Real Estate Agent Certification'),
('27850045', 'Advance Agent Certificate'),
('27850046', 'Advance Agent Certificate'),
('27850047', 'Advance Agent Certificate'),
('27850049', 'Advance Agent Certificate'),
('27850050', 'Advance Agent Certificate'),
('27850051', 'Advance Agent Certificate'),
('27850053', 'Advance Agent Certificate'),
('27850054', 'Advance Agent Certificate'),
('27850055', 'Advance Agent Certificate'),
('27850056', 'Advance Agent Certificate'),
('27850057', 'Advance Agent Certificate'),
('27850059', 'Advance Agent Certificate'),
('27850060', 'Advance Agent Certificate'),
('27850061', 'Advance Agent Certificate'),
('27850062', 'Advance Agent Certificate');

INSERT INTO AgentRanks
VALUES 
('New licensee','New licensee handles mostly lease transactions between $800-$2000'),
('Beginner Agent','Newer agent starts to deal with more leases and small sale transactions between $50k-$150k'),
('Intermediate Agent','Agent handles sale transactions between $150k-$400k'),
('Advanced Agent','Agent handles sale transactions from $400k-$700k'),
('Senior Agent','Agent has 10+ years of experience and handles luxury transactions between $700k and up');

INSERT INTO Agents
VALUES
('500000001','83700000',  '609213', '3920000', '2018-08-15'),
('500000002', '83700001', '714810', '3920000', '2018-05-28'),
('500000005', '83700002', '342849', '3920000', '2017-01-25'),
('500000006', '83700003', '427128', '3920000', '2018-12-29'),
('500000010', '83700004', '298412', '3920000', '2011-03-21'),
('500000012', '83700005', '824914', '3920000', '2018-11-12'),
('500000013', '83700006', '821843', '3920000', '2013-10-29'),
('500000016', '83700007', '735321', '3920000', '2016-03-26'),
('500000017', '83700008', '583592', '3920000', '2014-07-27'),
('500000019', '83700009', '328535', '3920000', '2020-04-04'),
('500000021', '83700010', '428301', '3920000', '2013-11-19'),
('500000022', '83700011', '732810', '3920000', '2018-08-23'),
('500000025', '83700012', '857481', '3920000', '2018-04-29'),
('500000030', '83700013', '903488', '3920000', '2014-07-25'),
('500000032', '83700014', '112453', '3920000', '2020-02-07'),
('500000033', '83700015', '392852', '3920000', '2012-09-06'),
('500000039', '83700016', '839583', '3920000', '2016-02-19'),
('500000040', '83700017', '382953', '3920000', '2020-10-24'),
('500000044', '83700018', '109482', '3920000', '2005-12-04'),
('500000045', '83700019', '622622', '3920000', '2008-05-28'),
('500000048', '83700020', '122914', '3920000', '2014-08-05'),
('500000050', '83700021', '760395', '3920000', '2020-06-14'),
('500000052', '83700022', '982491', '3920000', '2014-10-03'),
('500000053', '83700023', '583738', '3920000', '2016-02-05'),
('500000055', '83700024', '475924', '3920000', '2018-03-15'),
('500000056', '83700025', '480295', '3920000', '2017-05-29'),
('500000058', '83700026', '172940', '3920000', '2012-12-07'),
('500000060', '83700027', '390267', '3920000', '2012-04-18'),
('500000065', '83700028', '889103', '3920000', '2008-11-06'),
('500000066', '83700029', '201953', '3920000', '2012-01-08'),
('500000070', '83700030', '782914', '3920000', '2019-01-17'),
('500000074', '83700031', '281753', '3920000', '2007-06-22'),
('500000075', '83700032', '735710', '3920000', '2009-03-30'),
('500000078', '83700033', '362819', '3920000', '2019-02-19'),
('500000080', '83700034', '914722', '3920000', '2018-04-12'),
('500000081', '83700035', '819323', '3920000', '2017-05-13'),
('500000083', '83700036', '537025', '3920000', '2021-02-09'),
('500000084', '83700037', '673829', '3920000', '2010-07-03'),
('500000088', '83700038', '843233', '3920000', '2015-12-29'),
('500000091', '83700039', '902109', '3920000', '2010-05-14'),

('500000001','83700000',  '609213', '3920001', '2019-08-15'),
('500000002', '83700001', '714810', '3920001', '2019-05-28'),
('500000005', '83700002', '342849', '3920001', '2018-01-25'),
('500000006', '83700003', '427128', '3920001', '2019-12-29'),
('500000010', '83700004', '298412', '3920001', '2012-03-28'),
('500000012', '83700005', '824914', '3920001', '2019-11-12'),
('500000013', '83700006', '821843', '3920001', '2014-10-29'),
('500000016', '83700007', '735321', '3920001', '2017-03-26'),
('500000017', '83700008', '583592', '3920001', '2015-07-27'),
('500000021', '83700010', '428301', '3920001', '2014-11-19'),
('500000022', '83700011', '732810', '3920001', '2019-08-23'),
('500000025', '83700012', '857481', '3920001', '2019-04-29'),
('500000030', '83700013', '903488', '3920001', '2015-07-25'),
('500000032', '83700014', '112453', '3920001', '2021-02-07'),
('500000033', '83700015', '392852', '3920001', '2013-09-06'),
('500000039', '83700016', '839583', '3920001', '2017-02-19'),
('500000044', '83700018', '109482', '3920001', '2006-12-04'),
('500000045', '83700019', '622622', '3920001', '2009-05-28'),
('500000048', '83700020', '122914', '3920001', '2015-08-05'),
('500000052', '83700022', '982491', '3920001', '2015-10-03'),
('500000053', '83700023', '583738', '3920001', '2017-02-05'),
('500000055', '83700024', '475924', '3920001', '2019-03-15'),
('500000056', '83700025', '480295', '3920001', '2018-05-29'),
('500000058', '83700026', '172940', '3920001', '2013-12-07'),
('500000060', '83700027', '390267', '3920001', '2013-04-18'),
('500000065', '83700028', '889103', '3920001', '2009-11-06'),
('500000066', '83700029', '201953', '3920001', '2013-01-08'),
('500000070', '83700030', '782914', '3920001', '2020-01-17'),
('500000074', '83700031', '281753', '3920001', '2008-06-22'),
('500000075', '83700032', '735710', '3920001', '2010-03-30'),
('500000078', '83700033', '362819', '3920001', '2020-02-19'),
('500000080', '83700034', '914722', '3920001', '2019-04-12'),
('500000081', '83700035', '819323', '3920001', '2018-05-13'),
('500000084', '83700037', '673829', '3920001', '2011-07-03'),
('500000088', '83700038', '843233', '3920001', '2016-12-29'),
('500000091', '83700039', '902109', '3920001', '2011-05-14'),

('500000010', '83700004', '298412', '3920002', '2017-03-28'),
('500000013', '83700006', '821843', '3920002', '2019-10-29'),
('500000017', '83700008', '583592', '3920002', '2020-07-27'),
('500000021', '83700010', '428301', '3920002', '2018-11-19'),
('500000030', '83700013', '903488', '3920002', '2020-07-25'),
('500000033', '83700015', '392852', '3920002', '2018-09-06'),
('500000044', '83700018', '109482', '3920002', '2011-12-04'),
('500000045', '83700019', '622622', '3920002', '2014-05-28'),
('500000048', '83700020', '122914', '3920002', '2020-08-05'),
('500000052', '83700022', '982491', '3920002', '2020-10-03'),
('500000058', '83700026', '172940', '3920002', '2018-12-07'),
('500000060', '83700027', '390267', '3920002', '2018-04-18'),
('500000065', '83700028', '889103', '3920002', '2014-11-06'),
('500000066', '83700029', '201953', '3920002', '2018-01-08'),
('500000074', '83700031', '281753', '3920002', '2013-06-22'),
('500000075', '83700032', '735710', '3920002', '2015-03-30'),
('500000084', '83700037', '673829', '3920002', '2016-07-03'),
('500000091', '83700039', '902109', '3920002', '2016-05-14'),

('500000010', '83700040', '298412', '3920003', '2017-09-28'),
('500000013', '83700041', '821843', '3920003', '2020-04-30'),
('500000017', '83700042', '583592', '3920003', '2021-01-28'),
('500000030', '83700043', '903488', '3920003', '2021-01-27'),
('500000033', '83700044', '392852', '3920003', '2019-03-08'),
('500000044', '83700045', '109482', '3920003', '2012-06-09'),
('500000048', '83700046', '122914', '3920003', '2021-02-11'),
('500000052', '83700047', '982491', '3920003', '2021-04-08'),
('500000058', '83700048', '172940', '3920003', '2019-06-13'),
('500000060', '83700049', '390267', '3920003', '2018-10-15'),
('500000065', '83700050', '889103', '3920003', '2015-05-09'),
('500000074', '83700051', '281753', '3920003', '2013-12-28'),
('500000075', '83700052', '735710', '3920003', '2015-09-04'),
('500000084', '83700053', '673829', '3920003', '2017-01-08'),
('500000091', '83700054', '902109', '3920003', '2016-11-20'),

('500000010', '83700040', '298412', '3920004', '2020-09-28'),
('500000044', '83700045', '109482', '3920004', '2016-06-09'),
('500000065', '83700050', '889103', '3920004', '2018-05-09'),
('500000074', '83700051', '281753', '3920004', '2016-12-28'),
('500000075', '83700052', '735710', '3920004', '2018-09-04'),
('500000084', '83700053', '673829', '3920004', '2020-01-08'),
('500000091', '83700054', '902109', '3920004', '2019-11-20');

INSERT INTO Testimonials VALUES
('700000009', '3950000', 'Did terrible and bad attitude', '2020-10-12'),
('700000009', '3950003', 'Got us what we needs', '2020-07-26'),
('700000009', '3950003', 'Did okay', '2020-12-13'),
('700000009', '3950004', 'Happy with our place', '2020-05-14'),
('700000040', '3950001', 'Needs improvement', '2019-12-23'),
('700000040', '3950002', 'Please refrain from sharing personal stories', '2021-01-02'),
('700000040', '3950002', 'Had disagreements at first but worked out in the end', '2020-04-17'),
('700000079', '3950002', 'Okay', '2020-11-01'),
('700000079', '3950000', 'I did not understand what they were saying', '2020-01-27'),
('700000079', '3950003', 'They were kind and helpful', '2019-08-07'),
('700000095', '3950003', 'Amazing work but needs improvement', '2020-06-02'),
('700000095', '3950002', 'Talked over us', '2021-02-17'),
('700000095', '3950002', 'Did not share contact info', '2020-12-14'),
('700000095', '3950003', 'Good', '2020-09-22'),
('700000095', '3950003', 'Tried their best but could not find a place', '2020-11-10'),
('700000110', '3950004', 'Great work!', '2021-05-12'),
('700000110', '3950004', 'Too loud but did great', '2021-08-18'),
('700000110', '3950001', 'Took too much of our time', '2021-05-06'),
('700000017', '3950000', 'Very rude', '2021-02-20'),
('700000017', '3950004', 'Quick and efficent', '2021-04-06'),
('700000041', '3950001', 'Was not helpful', '2020-01-13'),
('700000041', '3950003', 'Please be professional', '2020-02-01'),
('700000041', '3950004', 'Love our new place', '2020-04-19'),
('700000083', '3950002', 'Over charged us by mistake', '2021-03-14'),
('700000083', '3950001', 'Gave us the wrong price', '2021-02-06'),
('700000083', '3950004', 'They knew what they were doing', '2018-09-08'),
('700000096', '3950003', 'Helped us very nice', '2021-06-10'),
('700000096', '3950001', 'Needs try harder in finding places', '2021-02-04'),
('700000096', '3950004', 'Great', '2021-10-24'),
('700000096', '3950004', 'Did what they could to help us', '2021-12-11'),
('700000110', '3950004', 'Reliable', '2017-04-23'),
('700000110', '3950003', 'Quiet but did good', '2021-12-21'),
('700000110', '3950002', 'I was okay with my place', '2017-06-07'),
('700000021', '3950000', 'Mean and racist', '2021-03-16'),
('700000021', '3950000', 'Not nice', '2020-07-06'),
('700000021', '3950000', 'Scam', '2020-07-05'),
('700000021', '3950000', 'Gave us the wrong information', '2020-09-15'),
('700000053', '3950001', 'Did not answer their phone', '2021-05-17'),
('700000053', '3950000', 'Did not know what they were doing', '2021-05-12'),
('700000053', '3950000', 'So rude', '2021-10-25'),
('700000089', '3950002', 'Should try giving us a call', '2019-06-18'),
('700000089', '3950002', 'Happy with my place', '2019-10-09'),
('700000089', '3950002', 'Wrong price and out of our budget', '2020-08-10'),
('700000097', '3950003', 'Did better than most', '2021-09-09'),
('700000097', '3950000', 'Made us feel uncomfortable', '2021-04-19'), 
('700000097', '3950000', 'Tried to get us to buy places out of our budget', '2021-11-23'),
('700000097', '3950000', 'No just no', '2021-02-12'),
('700000036', '3950001', 'Talked too much', '2021-05-01'),
('700000036', '3950001', 'Nice but kinda clueless on where to start', '2021-04-16'),
('700000036', '3950000', '1/5 Never again', '2021-07-24'),
('700000111', '3950004', 'Really did their beset to help us', '2021-07-14'),
('700000111', '3950002', 'Did not pay attention', '2020-12-12'),
('700000111', '3950003', 'Better than the first agent i got', '2018-07-08'),
('700000055', '3950001', 'Good but was a little rude', '2019-04-06'),
('700000055', '3950001', 'Had to constantly ask others for help', '2018-09-19'),
('700000055', '3950001', 'Not friendly', '2018-11-26'),
('700000042', '3950003', 'Got us what we wanted!', '2021-05-18'),
('700000042', '3950004', 'Great work', '2018-03-10'),
('700000098', '3950003', 'Helpful', '2020-08-17'),
('700000098', '3950004', 'Did great', '2020-09-13'), 
('700000098', '3950001', 'Took us a while to contact them', '2019-12-02'),
('700000112', '3950004', 'Amazing! Would recommend', '2019-12-24'),
('700000112', '3950001', 'Missed meetings', '2019-03-03'),
('700000112', '3950004', 'Worked hard in getting us our place', '2019-08-09'),
('700000067', '3950001', 'Did not show up to help us', '2021-06-12'),
('700000067', '3950003', 'Helpful', '2020-03-02'),
('700000067', '3950000', 'Bad work', '2020-09-14'),
('700000074', '3950002', 'Showed up late most of the time', '2017-03-05'),
('700000074', '3950004', 'Good could use improvement', '2019-01-06'),
('700000074', '3950002', 'Was patient with us', '2018-07-06'),
('700000115', '3950003', 'Can do better', '2020-02-01'),
('700000115', '3950002', 'Lost our files', '2020-11-12'),
('700000114', '3950004', 'They helped us a great ton!', '2020-02-15'),
('700000114', '3950001', 'Was not helpful', '2021-10-11'),
('700000113', '3950000', 'Terrible job', '2020-09-10'),
('700000113', '3950000', 'Will need to try harder', '2019-05-05'),
('700000103', '3950000', 'Needs improvement', '2019-04-06'),
('700000103', '3950000', 'Confused did not know what we wanted', '2019-06-28'),
('700000102', '3950001', 'Gave us the wrong information', '2020-04-14'),
('700000102', '3950004', 'Did great will come back', '2021-04-10'),
('700000102', '3950003', 'Love this new place', '2020-04-15'),
('700000102', '3950004', 'Amazing area and so much space!', '2020-05-16'),
('700000101', '3950002', 'Adequate', '2021-04-24'),
('700000101', '3950003', 'Okay work', '2021-07-18'),
('700000109', '3950002', 'Did their best to find us a place but we decided to not proceed with the sale', '2021-04-14'),
('700000110', '3950003', 'Helpful', '2021-04-15'),
('700000110', '3950002', 'Had communication issues', '2021-04-05'),
('700000110', '3950001', 'They needed to try harder in helping their clients', '2021-02-13'),
('700000043', '3950000', 'Terrible first impressions', '2020-04-12'),
('700000043', '3950000', 'Did not know what to do', '2020-05-20'),
('700000045', '3950001', 'Rude and loud', '2020-05-11'),
('700000045', '3950001', 'Bad work ethic', '2021-06-21'),
('700000047', '3950002', 'Did not understand', '2018-07-22'),
('700000047', '3950002', 'Weird but okay', '2019-06-12'),
('700000050', '3950003', 'Could try harder in talking to us', '2020-07-17'),
('700000050', '3950003', 'Answered all our questions', '2019-10-23'),
('700000051', '3950004', 'Great but keep the small talk to a minimum', '2019-10-17'),
('700000051', '3950004', 'Responded in a timely manner', '2020-09-24'),
('700000061', '3950002', 'Not wearing professional attire', '2019-10-30'),
('700000060', '3950000', 'Bad bad bad', '2017-12-27'),
('700000061', '3950003', 'Did fine', '2020-11-13'),
('700000061', '3950001', 'No not good', '2020-01-28'),
('700000062', '3950004', 'Good', '2021-12-12'),
('700000062', '3950002', 'Okay', '2020-10-01'),
('700000070', '3950001', 'Not good work', '2020-10-08'),
('700000070', '3950004', 'Great insight!', '2020-04-03'),
('700000071', '3950002', 'Not doing their work', '2020-11-08'),
('700000071', '3950000', 'Did not know what they were doing', '2021-05-04'),
('700000072', '3950003', 'Okay good', '2020-12-02'),
('700000072', '3950001', 'Late to meeting', '2020-06-05');

INSERT INTO AgentLeads VALUES
('700000009','Jessica','Garcia','832-896-8904','jgarcia@yahoo.com','2'),
('700000017','Jasmine','Garza','713-896-8904','jgarza@hotmail.com','5'),
('700000021','Kevin','Valdes','281-896-8904','kvaldes@gmail.com','7'),
('700000036','Chris','Moon','346-896-8904','cmoon@yahoo.com','4'),
('700000040','Cory','Garfield','832-789-8904','cgarfield@yahoo.com','2'),
('700000041','Jim','Jimenez','713-789-8904','jjimenez@ymail.com','10'),
('700000042','Arturo','Mendez','281-789-8904','amendez@yahoo.com','9'),
('700000043','Corinna','Mendieta','346-789-8904','cmenidieta@gmail.com','6'),
('700000045','Karina','Lopez','832-789-4101','klopez@yahoo.com','5'),
('700000047','Cara','Mers','713-789-4101','cmers@hotmail.com','10'),
('700000050','Cody','Naranjo','281-789-4101','cnaranjo@yahoo.com','7'),
('700000051','Kara','Hills','346-789-4101','khills@yahoo.com','9'),
('700000053','Frank','Soto','832-025-4101','fsoto@yahoo.com','6'),
('700000056','Gary','Jobs','713-025-4101','gjobs@hotmail.com','10'),
('700000060','Jerry','Than','281-025-4101','jthan@yahoo.com','5'),
('700000061','Carter','Brown','346-025-4101','cbrown@gmail.com','2'),
('700000062','Annie','Sorto','832-025-3542','asorto@yahoo.com','3'),
('700000067','Linda','White','713-025-3542','lwhite@yahoo.com','2'),
('700000070','Tyrell','Jims','346-025-3542','tjims@gmail.com','5'),
('700000071','Dan','Hernandez','281-025-3542','dhernandez@yahoo.com','7'),
('700000072','Henry','Fernandez','832-250-3542','hfernandez@yahoo.com','5'),
('700000074','Amy','Skye','713-250-3542','askye@outlook.com','10'),
('700000079','William','Robins','346-250-3542','wrobins@hotmail.com','4'),
('700000083','Megan','Porto','832-250-6352','mporto@yahoo.com','3'),
('700000089','Maria','Pedroza','713-250-6352','mpedroza@yahoo.com','9'),
('700000095','Ellie','Ortiz','346-250-6352','eortiz@gmail.com','2'),
('700000096','Brian','Orta','281-250-6352','borta@hotmail.com','5'),
('700000097','Melissa','Salas','832-755-6352','msalas@yahoo.com','10'),
('700000098','Marco','Salazar','281-755-6352','msalazar@yahoo.com','2'),
('700000100','Hailey','Markowitz','713-755-6352','hmarkowitz@gmail.com','3'),
('700000101','Adrianna','Smith','346-755-6352','asmith@hotmail.com','5'),
('700000102','Carla','Jung','832-755-3295','cjung@yahoo.com','7'),
('700000103','Al','Young','713-755-3295','ayoung@gmail.com','9'),
('700000109','Ed','Elms','281-755-3295','eelms@yahoo.com','5'),
('700000110','Michael','Scott','346-755-3295','mscott@outlook.com','2'),
('700000111','Dwight','Snoot','832-005-3295','dsnoot@yahoo.com','10'),
('700000112','Pam','Beesly','281-005-3295','pbeesly@gmail.com','3'),
('700000113','Ryan','Howard','713-005-3295','rhoward@yahoo.com','10'),
('700000114','Kelly','Kapoor','346-005-3295','kkapoor@hotmail.com','4'),
('700000115','Creed','Bratton','346-005-1259','cbratton@hotmail.com','5'),
('700000067','Calvin','Shaw','832-005-1259','cshaw@hotmail.com','2'),
('700000062','Hobbes','Locke','713-005-1259','hlocke@gmail.com','7'),
('700000074','J','Balvin','281-005-1259','jbalvin@hotmail.com','9'),
('700000051','Jhay','Cortez','346-009-1259','jcortez@gmail.com','4'),
('700000036','Jimmy','Chun','281-009-1259','jchun@gmail.com','5'),
('700000041','George','Kim','713-009-1259','gkim@yahoo.com','3'),
('700000056','Donald','Glover','832-009-1259','dglover@gmail.com','2'),
('700000021','Ulysses','Hampton','346-101-1259','uhampton@hotmail.com','10'),
('700000089','Joao','Cancelo','281-101-1259','jcancelo@gmail.com','4'),
('700000095','Sofia','Duff','832-101-1259','sduff@yahoo.com','5'),
('700000079','Chance','Orange','713-101-1259','corange@gmail.com','6');

INSERT INTO ReferralTypes Values 
('Past Client'), 
('Out of State'),
('In State'), 
('International'), 
('Local'),
('Partner Company'),
('Social Network'),
('Worth of Mouth');

INSERT INTO ReferralStatus Values 
('New'), 
('Active'),  
('Sold'), 
('Rented'), 
('Pending'), 
('Denied');

INSERT INTO Referrals
VALUES
('700000009', '2820001', '1550002', '2020-11-13', '10', 'Houston', '2000042', '1000015', '3000000'),
('700000017', '2820003', '1550005', '2016-04-11', '5', 'Houston', '2000042', '1000059', '3000000'),
('700000021', '2820002', '1550007', '2019-03-21', '15', 'Katy', '2000042', '1000114', '3000000'),
('700000036', '2820001', '1550007', '2021-01-07', '10', 'Houston', '2000042', '1000039', '3000000'),
('700000040', '2820002', '1550006', '2017-12-03', '15', 'Humble', '2000042', '1000137', '3000000'),
('700000041', '2820005', '1550000', '2018-07-14', '0', 'Katy', '2000042', '1000148', '3000000'),
('700000042', '2820004', '1550000', '2020-10-02', '5', 'Houston', '2000042', '1000011', '3000000'),
('700000043', '2820001', '1550002', '2021-03-03', '10', 'Pasadena', '2000042', '1000125', '3000000'),
('700000045', '2820001', '1550003', '2015-05-12', '5', 'Houston', '2000042', '1000053', '3000000'),
('700000047', '2820001', '1550001', '2020-08-20', '10', 'Houston', '2000042', '1000108', '3000000'),
('700000050', '2820002', '1550001', '2014-12-22', '15', 'Houston', '2000042', '1000019', '3000000'),
('700000051', '2820000', '1550000', '2019-09-15', '10', 'Pearland', '2000042', '1000122', '3000000'),
('700000053', '2820001', '1550007', '2021-02-20', '5', 'Houston', '2000042', '1000131', '3000000'),
('700000055', '2820005', '1550007', '2017-01-18', '0', 'Pearland', '2000042', '1000124', '3000000'),
('700000060', '2820004', '1550006', '2018-06-12', '10', 'Sugarland', '2000042', '1000128', '3000000'),
('700000061', '2820001', '1550006', '2015-08-25', '5', 'Houston', '2000042', '1000136', '3000000'),
('700000062', '2820000', '1550003', '2019-12-09', '10', 'Pasadena', '2000042', '1000117', '3000000'),
('700000067', '2820002', '1550000', '2018-02-15', '15', 'Houston', '2000042', '1000145', '3000000'),
('700000070', '2820002', '1550004', '2020-07-11', '15', 'Katy', '2000042', '1000082', '3000000'),
('700000071', '2820004', '1550004', '2019-10-01', '10', 'Houston', '2000042', '1000047', '3000000'),
('700000072', '2820001', '1550007', '2020-01-21', '5', 'Houston', '2000042', '1000153', '3000000'),
('700000074', '2820001', '1550004', '2018-09-09', '10', 'Pasadena', '2000042', '1000140', '3000000'),
('700000079', '2820002', '1550000', '2018-03-24', '15', 'Humble', '2000042', '1000019', '3000000'),
('700000083', '2820004', '1550000', '2019-07-21', '10', 'Houston', '2000042', '1000111', '3000000'),
('700000089', '2820002', '1550001', '2020-12-01', '15', 'Katy', '2000042', '1000129', '3000000'),
('700000095', '2820001', '1550006', '2021-01-18', '5', 'Houston', '2000042', '1000133', '3000000'),
('700000096', '2820000', '1550007', '2021-03-20', '10', 'Houston', '2000042', '1000107', '3000000'),
('700000097', '2820005', '1550004', '2020-05-08', '0', 'Sugarland', '2000042', '1000148', '3000000'),
('700000098', '2820001', '1550002', '2019-10-03', '10', 'Pearland', '2000042', '1000132', '3000000'),
('700000100', '2820000', '1550007', '2018-06-09', '10', 'Houston', '2000042', '1000151', '3000000'),
('700000101', '2820001', '1550007', '2020-12-05', '5', 'Houston', '2000042', '1000018', '3000000'),
('700000102', '2820002', '1550006', '2019-01-02', '15', 'Pearland', '2000042', '1000068', '3000000'),
('700000103', '2820001', '1550006', '2019-10-22', '10', 'Houston', '2000042', '1000077', '3000000'),
('700000109', '2820003', '1550000', '2021-02-18', '5', 'Katy', '2000042', '1000082', '3000000'),
('700000110', '2820002', '1550001', '2021-03-13', '15', 'Friendswood', '2000042', '1000109', '3000000'),
('700000111', '2820003', '1550001', '2020-07-21', '10', 'Houston', '2000042', '1000116', '3000000'),
('700000112', '2820001', '1550006', '2017-12-01', '5', 'Sugarland', '2000042', '1000153', '3000000'),
('700000113', '2820002', '1550007', '2020-11-08', '15', 'Houston', '2000042', '1000025', '3000000'),
('700000114', '2820003', '1550007', '2016-08-19', '10', 'Houston', '2000042', '1000037', '3000000'),
('700000115', '2820003', '1550006', '2020-12-12', '5', 'Sugarland', '2000042', '1000067', '3000000');

INSERT INTO Clients VALUES
('121000000', '700000009', 'Jason', 'McCauley', '748 Skinner Hollow Rd', 'Houston', '2000042', '1000070', '3000000', '832-821-6400', 'jason.mccauley@gmail.com'),
('121000000', '700000009', 'Jared', 'Haider', '4777 Woodrow Way', 'Houston', '2000042', '1000042', '3000000', '281-309-8912', 'jaredhaider@gmail.com'),
('121000000', '700000017', 'Thelma', 'Little', '1125 Circle Dr', 'Houston', '2000042', '1000030', '3000000', '832-457-9237', 'thelmalittle@gmail.com'),
('121000000', '700000017', 'Johnny', 'Newell', '3794 Colonial Dr', 'Houston', '2000042', '1000029', '3000000', '832-710-9282', 'johnnewell@yahoo.com'),
('121000000', '700000017', 'Dean', 'Morgan', '828 Maragret St', 'Houston', '2000042', '1000026', '3000000', '832-880-8283', 'deanlmorgan@gmail.com'),
('121000000', '700000021', 'Maria', 'Rodriguez', '3931 Patterson Street', 'Houston', '2000042', '1000020', '3000000', '719-276-3740', 'rodriguez.maria@gmail.com'),
('121000000', '700000021', 'Elsa', 'Tolbert', '4059 Johnson Dr', 'Houston', '2000042', '1000045', '3000000', '832-799-4409', 'elsatolbert12@gmail.com'),
('121000000', '700000036', 'Joseph', 'White', '2834 Candlelight Rd', 'Houston', '2000042', '1000062', '3000000', '832-477-7341', 'joewhite1985@gmail.com'),
('121000000', '700000036', 'Nadia', 'Vincent', '544 Gambling Ln', 'Houston', '2000042', '1000040', '3000000', '832-943-4512', 'nadiavincent25@gmail.com'),
('121000000', '700000040', 'Debbie', 'Palmieri', '3155 Space Center Dr', 'Houston', '2000042', '1000055', '3000000', '832-554-0044', 'debbiepalmieri@outlook.com'), 
('121000000', '700000040', 'Sara', 'Brown', '738 Main St', 'Houston', '2000042', '1000075', '3000000', '713-071-0222', 'sarabrown@outlook.com'),
('121000000', '700000040', 'James', 'Adams', '1627 Doliver Dr', 'Houston', '2000042', '1000070', '3000000', '832-093-5232', 'jamesa11@gmail.com'),
('121000000', '700000041', 'Juan', 'Gonzales', '8211 Louisana St', 'Houston', '2000042', '1000076', '3000000', '281-221-2112', 'gonzalesjuan@hotmail.com'),
('121000000', '700000041', 'Elija', 'Thomas', '986 Memorial Dr', 'Houston', '2000042', '1000077', '3000000', '832-334-2142', 'et0309@yahoo.com'),
('121000000', '700000042', 'Alexandra', 'Steel', '1211 Martin Luther King Blvd.', 'Houston', '2000042', '1000055', '3000000', '713-392-2342', 'asteel87@gmail.com'),
('121000000', '700000042', 'Bianca', 'Flores', '122 Navigation Blvd', 'Houston', '2000042', '1000054', '3000000', '832-141-1122', 'biancaflores@yahoo.com'),
('121000000', '700000043', 'Isabella', 'King', '5766 Yale St', 'Houston', '2000042', '1000055', '3000000', '346-332-4432', 'izzyking@aol.com'),
('121000000', '700000043', 'Shawn', 'James', '2133 W. Gray', 'Houston', '2000042', '1000070', '3000000', '832-332-1111', 'shawnjeames45@gmail.com'),
('121000000', '700000043', 'Andrew', 'Martinez', '2930 University Blvd.', 'Houston', '2000042', '1000075', '3000000', '832-345-2113', 'drewmar@yahoo.com'),
('121000000', '700000045', 'Nadia', 'Clark', '3365 South Lake Park', 'Houston', '2000042', '1000054', '3000000', '832-467-2354', 'nadiaclark67@gmail.com'), 
('121000000', '700000045', 'Finlay', 'Dawson', '673 Henry St', 'Houston', '2000042', '1000044', '3000000', '832-272-1362', 'finlaydawson@gmail.com'),
('121000000', '700000047', 'John', 'Gibson', '4212 Riverview Avenue', 'Houston', '2000042', '1000074', '3000000', '832-721-4541', 'GibsonJ@gmail.com'),
('121000000', '700000047', 'Luke', 'Francis', '8173 W. Division Lane', 'Houston', '2000042', '1000035', '3000000', '832-592-6270', 'Luke.Francis@yahoo.com'),
('121000000', '700000050', 'Frederick', 'Dean', '4847 Linden St', 'Houston', '2000042', '1000074', '3000000', '832-268-1170', 'FredDean@gmail.com'),
('121000000', '700000050', 'Dylan', 'Ward', '8528 Brickyard Lane', 'Houston', '2000042', '1000024', '3000000', '832-254-6366', 'DylanWard@gmail.com'),
('121000000', '700000051', 'Tony', 'Lambert', '830 East Sierra Ave', 'Houston', '2000042', '1000052', '3000000', '832-378-5484', 'TonyLamb@gmail.com'),
('121000000', '700000051', 'Waylon', 'Travis', '7579 Lancaster Circle', 'Houston', '2000042', '1000053', '3000000', '832-859-3491', 'Waylon.Travis@gmail.com'),
('121000000', '700000051', 'Maya', 'Thompson', '644 S. Linda Drive', 'Houston', '2000042', '1000016', '3000000', '832-266-8756', 'ThompsonMaya@yahoo.com'),
('121000000', '700000053', 'Alexandra', 'Fisher', '8149 Dunbar St', 'Houston', '2000042', '1000084', '3000000', '832-803-9365', 'AlexFish@gmail.com'),
('121000000', '700000053', 'Bogg', 'Dann', '3829 South Court', 'Houston', '2000042', '1000036', '3000000', '832-509-7402', 'MyNameIsBogg@gmail.com'), 
('121000000', '700000056', 'Johannes', 'Cabal', '9811 Falling Waters St', 'Houston', '2000042', '1000023', '3000000', '832-091-2222', 'JohanC02@gmail.com'),
('121000000', '700000056', 'George', 'Smith', '631 Bellaire Blvd', 'Houston', '2000042', '1000010', '3000000', '281-996-1099', 'georgie98@yahoo.com'),
('121000000', '700000056', 'Duke', 'Williams', '1st St', 'Houston', '2000042', '1000011', '3000000', '281-000-0001', 'dukewilly@gmail.com'),
('121000000', '700000060', 'Steven', 'Wong', '2nd St', 'Houston', '2000042', '1000013', '3000000', '281-000-0002', 'stevieeeee@aol.com'),
('121000000', '700000060', 'Mo', 'Ball', '3rd St', 'Houston', '2000042', '1000021', '3000000', '713-222-2221', 'mo_ballllin@gmail.com'),
('121000000', '700000061', 'Susan', 'Wong', '4th St', 'Houston', '2000042', '1000023', '3000000', '713-922-9874', 'susssanwong@aol.com'),
('121000000', '700000061', 'Phil', 'Wallace', '5th St', 'Houston', '2000042', '1000025', '3000000', '281-872-6333', 'phil_wallace@yahoo.com'),
('121000000', '700000062', 'William', 'Hernandez', '6th St', 'Houston', '2000042', '1000029', '3000000', '281-897-6222', 'williamh@aol.com'),
('121000000', '700000062', 'Mark', 'Yun', '7th St', 'Houston', '2000042', '1000030', '3000000', '832-673-9871', 'markm0ney@yahoo.com'),
('121000000', '700000067', 'Jason', 'Park', '76 Jungle St', 'Houston', '2000042', '1000032', '3000000', '713-892-8333', 'Jason_parkinglot@aol'),
('121000000', '700000067', 'Kevin', 'Tran', '9872 Ligma Rd', 'Houston', '2000042', '1000035', '3000000', '281-982-8971', 'kevinnnnnboiiii@gmail.com'),
('121000000', '700000067', 'Elizabeth', 'Dizon', '2311 Washinton Ave', 'Houston', '2000042', '1000040', '3000000', '832-222-4444', 'izzy_girl987@yahoo.com'),
('121000000', '700000070', 'Lisa', 'Cassanova', '1111 Wall St', 'Houston', '2000042', '1000046', '3000000', '281-891-4422', 'lisacass987@aol.com'), 
('121000000', '700000070', 'Ruman', 'Pich', '1664 Brentwood Dr', 'Houston', '2000042', '1000006', '3000000', '832-321-1880','rumanpich@gmail.com'),
('121000000', '700000071', 'Gregory', 'Green', '8754 Clearview Dr', 'Houston', '2000042', '1000000', '3000000', '832-281-5890','gregorygreen@gmail.com'),
('121000000', '700000071', 'Susan', 'Ford', '5124 Rusting Ln', 'Houston', '2000042', '1000010', '3000000', '281-724-1056','susanford@yahoo.com'),
('121000000', '700000072', 'Michelle', 'Lewis', '9163 Landingcrest Ln', 'Houston', '2000042', '1000156', '3000000', '713-214-8024','michellelewis@hotmail.com'),
('121000000', '700000072', 'Nichole', 'Cubina', '6064 Elmsworth Rd', 'Houston', '2000042', '1000015', '3000000', '713-746-9078','nicholecubina@gmail.com'),
('121000000', '700000074', 'Charles', 'Walker', '5236 Rivercreek Ln', 'Houston', '2000042', '1000025', '3000000', '281-922-1224','charleswalker@yahoo.com'),
('121000000', '700000074', 'Jennifer', 'Bishop', '1792 Knightingale Ln', 'Houston', '2000042', '1000013', '3000000', '713-654-2681','jenniferbishop@gmail.com'),
('121000000', '700000079', 'Raju', 'Venkat', '6524 Brunswick Spring Rd', 'Houston', '2000042', '1000066', '3000000', '281-442-1286','rajuvenkat@hotmail.com'),
('121000000', '700000079', 'Nathan', 'Smith', '5371 Meadowview Ln', 'Houston', '2000042', '1000061', '3000000', '832-643-7816','nathansmith@gmail.com'),
('121000000', '700000079', 'Jim', 'Williams', '6517 Southern Bend Dr', 'Houston', '2000042', '1000096', '3000000', '281-516-6115','jimwilliams@yahoo.com'),
('121000000', '700000083', 'Teresa', 'Cheney', '3946 Creekwood Ln', 'Houston', '2000042', '1000005', '3000000', '832-210-5654','teresacheney@hotmail.com'),
('121000000', '700000083', 'Mark', 'Andrews', '5827 Silverridge Rd', 'Houston', '2000042', '1000156', '3000000', '713-246-9685','markandrews@gmail.com'),
('121000000', '700000089', 'Nelda', 'King', '2568 Wines Ln', 'Houston', '2000042', '1000109', '3000000', '713-399-0291','kingnelda@gmail.com@gmail.com'),
('121000000', '700000089', 'Tamra', 'Pals', '1089 Duff Ave', 'Houston', '2000042', '1000098', '3000000', '832-289-0921','tamrapals20@hotmail.com'),
('121000000', '700000095', 'Patrick', 'Jackson', '3231 Northern Ln', 'Houston', '2000042', '1000071', '3000000', '713-823-3125','patjackson1990@gmail.com'),
('121000000', '700000095', 'Jennie', 'Finlay', '1082 Grey Fox Farm Rd', 'Houston', '2000042', '1000120', '3000000', '832-984-1655','jenniefinlay@yahoo.com'),
('121000000', '700000096', 'Benjamin', 'Flores', '781 Juniper Ln', 'Houston', '2000042', '1000123', '3000000', '832-466-6547','bennyflo24@gmail.com'),
('121000000', '700000096', 'Margaret', 'Currier', '1182 Lynn Ogden Ln', 'Houston', '2000042', '1000121', '3000000', '832-987-5580','margaretcurrier@gmail.com'),
('121000000', '700000097', 'Susan', 'Greene', '9821 Evergreen St', 'Houston', '2000042', '1000150', '3000000', '281-930-0467','suzziegreene@gmail.com'),
('121000000', '700000097', 'Jeffery', 'Greene', '1126 Orange Rd', 'Houston', '2000042', '1000092', '3000000', '832-987-1236','jeffgreene@gmail.com'),
('121000000', '700000098', 'Larry', 'David', '2897 Grant Ave', 'Houston', '2000042', '1000125', '3000000', '281-894-2197','Larry.David@yahoo.com'),
('121000000', '700000098', 'Richard', 'Lewis', '485 Holly Crest Rd', 'Houston', '2000042', '1000032', '3000000', '832-549-0496','richielewis90@gmail.com'),
('121000000', '700000100', 'Martin', 'Funkhouser', '771 Greenfield Ln', 'Houston', '2000042', '1000056', '3000000', '281-987-1399','martinfunkman@yahoo.com'),
('121000000', '700000100', 'Cheryl', 'Hines', '2645 Pineloch Dr', 'Houston', '2000042', '1000114', '3000000', '832-987-9963','cherlyhines1@yahoo.com'),
('121000000', '700000101', 'Dean', 'Weinstock', '879 Charity Way', 'Houston', '2000042', '1000114', '3000000', '832-645-1588','deanweinstock200@gmail.com'),
('121000000', '700000101', 'Leon', 'Black', '900 Harvest Ln', 'Houston', '2000042', '1000099', '3000000', '281-781-7420','leon.black20@gmail.com'),
('121000000', '700000102', 'Wanda', 'Sykes', '1100 Wynfield Dr', 'Houston', '2000042', '1000112', '3000000', '281-894-5687','wandasykes123@gmail.com'),
('121000000', '700000102', 'Ted', 'Danson', '100 Curb Ln', 'Houston', '2000042', '1000109', '3000000', '281-930-4587','teddydanson@hotmail.com'),
('121000000', '700000103', 'Christopher', 'Breaux', '256 Blonde St', 'Houston', '2000042', '1000156', '3000000', '281-984-1237','chrisbreaux@gmail.com'),
('121000000', '700000103', 'Travis', 'Laughery', '1200 Spruce St', 'Houston', '2000042', '1000020', '3000000', '713-096-1234','tlaugh1@gmail.com'),
('121000000', '700000109', 'Phoebe', 'Bridgers', '446 Scott St', 'Houston', '2000042', '1000067', '3000000', '832-289-7201','phoebe.bridgers@gmail.com'),
('121000000', '700000109', 'Julien', 'Baker', '511 Souvenir Ln', 'Houston', '2000042', '1000154', '3000000', '713-098-4359','baker.julien13@gmail.com'),
('121000000', '700000109', 'Scott', 'Mescudi', '987 Moon Ave', 'Houston', '2000042', '1000136', '3000000', '832-648-9863','themoonman3@gmail.com'),
('121000000', '700000110', 'Maggie', 'Rogers', '983 Lightning Ln', 'Houston', '2000042', '1000100', '3000000', '713-465-6678','rogers.maggie300@gmail.com'),
('121000000', '700000110', 'Dominic', 'Fike', '8720 Cherry St', 'Houston', '2000042', '1000095', '3000000', '832-987-4400','dominofike2@yahoo.com'),
('121000000', '700000111', 'Devyn', 'Hines', '555 Cupid Ln', 'Houston', '2000042', '1000012', '3000000', '281-123-5444','bloodorange@gmail.com'),
('121000000', '700000111', 'Claire', 'Cotrill', '345 Immunity Rd', 'Houston', '2000042', '1000147', '3000000', '832-831-4388','clairo@gmail.com'),
('121000000', '700000111', 'Kevin', 'Parker', '412 Tame St', 'Houston', '2000042', '1000132', '3000000', '713-200-1594','tameimpala@gmail.com'),
('121000000', '700000112', 'Justin', 'Vernon', '2278 Emma Rd', 'Houston', '2000042', '1000112', '3000000', '832-043-8901','boniver@gmail.com'),
('121000000', '700000112', 'Matthew', 'Healy', '1975 Greenborough Way', 'Houston', '2000042', '1000130', '3000000', '281-997-3546','mattyhealy1975@gmail.com'),
('121000000', '700000112', 'George', 'Martin', '197 London Ave', 'Houston', '2000042', '1000075', '3000000', '281-911-4852','georgemarty17@gmail.com'),
('121000000', '700000112', 'John', 'Carlos', '94 Bentley Rd', 'Houston', '2000042', '1000111', '3000000', '832-568-5548','saintjhn@gmail.com'),
('121000000', '700000113', 'Ian', 'Simpson', '879 Echo Ln', 'Houston', '2000042', '1000151', '3000000', '832-987-1166','kevinabstract100@gmail.com'),
('121000000', '700000113', 'Charlotte', 'Aitchison', '1999 Silver Cross Ave', 'Houston', '2000042', '1000122', '3000000', '281-667-1119','charlixcx@hotmail.com'),
('121000000', '700000113', 'Abel', 'Tesafaye', '333 Ballon Rd', 'Houston', '2000042', '1000110', '3000000', '832-514-5123','theweeknd@gmail.com'),
('121000000', '700000113', 'Jean', 'Dawson', '060 Burst Ave', 'Houston', '2000042', '1000099', '3000000', '713-213-6500','jeandawson@gmail.com'),
('121000000', '700000113', 'Anderson', 'Paak', '5600 Funk Way', 'Houston', '2000042', '1000046', '3000000', '832-400-0068','andypaak102@gmail.com'),
('121000000', '700000114', 'Paul', 'George', '137 Clipper Way', 'Houston', '2000042', '1000019', '3000000', '832-654-1648','paulgeorge13@yahoo.com'),
('121000000', '700000114', 'Stevie', 'Nicks', '5232 Dreams Rd', 'Houston', '2000042', '1000115', '3000000', '832-113-3200','fleetwoodmac@gmail.com'),
('121000000', '700000114', 'Bobby', 'Dylan', '1773 Barcelona Rd', 'Houston', '2000042', '1000016', '3000000', '713-624-9214','bob.dylan@yahoo.com'),
('121000000', '700000114', 'Chester', 'Davis', '1278 Mullberry St', 'Houston', '2000042', '1000153', '3000000', '832-930-0522','chesterdavis35@outlook.com'),
('121000000', '700000114', 'Tammy', 'Washington', '4720 First Chapel Ln', 'Houston', '2000042', '1000087', '3000000', '832-431-0482','tammywashington@gmail.com'),
('121000000', '700000115', 'Evelyn', 'Weidler', '200 Sweet Trip Way', 'Houston', '2000042', '1000126', '3000000', '281-730-0429','evelynweidler31@gmail.com'),
('121000000', '700000115', 'Kris', 'Mummert', '3924 Brooke St', 'Houston', '2000042', '1000132', '3000000', '832-941-1354','mummert.kristopher@live.com'),
('121000000', '700000115', 'Ayesha', 'Langford', '14000 Payne St', 'Houston', '2000042', '1000040', '3000000', '832-131-1644','ayeshalangford30@gmail.com'),
('121000000', '700000115', 'Donald', 'Johnson', '527 Presidential Ave', 'Houston', '2000042', '1000161', '3000000', '281-944-1302','donnyjohnson49@gmail.com'),
('121000000', '700000115', 'Jimmy', 'John', '879 Red Bluff Rd', 'Houston', '2000042', '1000122', '3000000', '832-411-5601','jimmy.john10@gmail.com'),
('121000000', '700000009', 'Michael', 'Scott', '335 Walker St', 'Houston', '2000042', '1000047', '3000000', '713-987-6543','michaelscott@gmail.com'),
('121000000', '700000017', 'Dwight', 'Shrute', '1456 Farm St', 'Houston', '2000042', '1000098', '3000000', '713-498-3006','dwightshrute@gmail.com'),
('121000000', '700000021', 'James', 'Halpert', '7100 Scranton Ave', 'Houston', '2000042', '1000123', '3000000', '832-987-6543','jimhalpert@gmail.com'),
('121000000', '700000036', 'Pamela', 'Beasley', '609 Red Bluff Rd', 'Houston', '2000042', '1000100', '3000000', '281-894-0045','pambeasley@yahoo.com'),
('121000000', '700000040', 'Stanley', 'Johnson', '102 Piston Rd', 'Houston', '2000042', '1000125', '3000000', '832-032-0098','johnson.stanley@gmail.com'),
('121000000', '700000041', 'Creed', 'Bratton', '2344 Apache St', 'Houston', '2000042', '1000040', '3000000', '281-710-1358','creedbratton@live.com'),
('121000000', '700000042', 'Phillis', 'Reed', '5340 Fort Recovery Rd', 'Houston', '2000042', '1000099', '3000000', '713-226-2015','phillisreed100@gmail.com'),
('121000000', '700000043', 'Alan', 'Brand', '4987 Stoker Ave', 'Houston', '2000042', '1000089', '3000000', '832-132-6578','brandalan20@gmail.com'),
('121000000', '700000045', 'Scott', 'Allen', '4303 Herridge St', 'Houston', '2000042', '1000109', '3000000', '713-654-1233','scottallen@gmail.com'),
('121000000', '700000047', 'Marquis', 'Andrej', '9211 Vinearbor Way', 'Houston', '2000042', '1000120', '3000000', '281-645-4267','marquisandrej@gmail.com'),
('121000000', '700000050', 'Anthony', 'Lamb', '335 Rocket Way', 'Houston', '2000042', '1000145', '3000000', '832-149-9980','anthonylamb@gmail.com'),
('121000000', '700000051', 'Daphne', 'Nina', '1000 Steelpark Dr', 'Houston', '2000042', '1000078', '3000000', '832-987-0006','daphnenina@gmail.com'),
('121000000', '700000053', 'Rashida', 'Jones', '3 Birch Hill Dr', 'Houston', '2000042', '1000108', '3000000', '281-931-1165','rashidajones@gmail.com'),
('121000000', '700000056', 'Geronimo', 'Patrick', '419 Wagon St', 'Houston', '2000042', '1000123', '3000000', '832-064-4684','geronimopatrick@gmail.com'),
('121000000', '700000060', 'Jody', 'Kennedy', '730 Richardson Dr', 'Houston', '2000042', '1000156', '3000000', '281-906-6457','jodykennedy@gmail.com'),
('121000000', '700000061', 'Conrad', 'Ellis', '349 Ridge St', 'Houston', '2000042', '1000122', '3000000', '713-780-0045','conradellis@gmail.com'),
('121000000', '700000062', 'Angel', 'Mcguire', '7657 York St', 'Houston', '2000042', '1000040', '3000000', '832-554-4065','angelmcguire@gmail.com'),
('121000000', '700000067', 'Leland', 'Hernandez', '980 Country St', 'Houston', '2000042', '1000049', '3000000', '832-663-6487','lelandhernando@gmail.com'),
('121000000', '700000070', 'Brad', 'Spencer', '2687 East Rose Way', 'Houston', '2000042', '1000106', '3000000', '832-648-8820','bradspencer@gmail.com'),
('121000000', '700000071', 'Marjorie', 'Kim', '768 E. Green Lake', 'Houston', '2000042', '1000107', '3000000', '281-440-4006','marjoriekim@gmail.com'),
('121000000', '700000072', 'Garrett', 'Stewart', '305 Oxford Court', 'Houston', '2000042', '1000110', '3000000', '832-980-0066','garrettstewart@gmail.com'),
('121000000', '700000074', 'Evan', 'Torres', '8654 Elizabeth Dr', 'Houston', '2000042', '1000111', '3000000', '832-987-0056','evantorres@gmail.com'),
('121000000', '700000079', 'Gregory', 'Carter', '994 Wintergreen Ave', 'Houston', '2000042', '1000145', '3000000', '281-568-8900','gregcarter@gmail.com'),
('121000000', '700000083', 'Jan', 'Singleton', '287 South Wall St', 'Houston', '2000042', '1000076', '3000000', '281-900-9005','jansingleton@gmail.com'),
('121000000', '700000089', 'Leah', 'Diaz', '3200 Ridgewood St', 'Houston', '2000042', '1000087', '3000000', '832-990-1144','leahdiaz@gmail.com'),
('121000000', '700000095', 'Devin', 'Wagner', '8754 Fordham Park', 'Houston', '2000042', '1000010', '3000000', '713-330-3310','devinwagner@gmail.com'),
('121000000', '700000096', 'Eula', 'Long', '7715 Maiden St', 'Houston', '2000042', '1000019', '3000000', '281-006-0068','eulalong@gmail.com'),
('121000000', '700000097', 'Heida', 'Silva', '241 Somerset St', 'Houston', '2000042', '1000074', '3000000', '713-987-9879','heidasilva@gmail.com'),
('121000000', '700000098', 'Ramona', 'Mcgee', '8982 Annadale St', 'Houston', '2000042', '1000089', '3000000', '281-589-5584','ramonamcgee@gmail.com'),
('121000000', '700000100', 'Lula', 'Owens', '768 Lake View Way', 'Houston', '2000042', '1000100', '3000000', '832-226-8791','lulaowens@gmail.com'),
('121000000', '700000101', 'Agnes', 'Rivera', '9600 Jennings Rd', 'Houston', '2000042', '1000120', '3000000', '281-105-4554','agnesrivera@gmail.com'),
('121000000', '700000102', 'Jackie', 'Fitzgerald', '449 Depor Court', 'Houston', '2000042', '1000134', '3000000', '832-456-8450','jackiefitz@gmail.com'),
('121000000', '700000103', 'Leo', 'Alexander', '806 Del Monte Dr', 'Houston', '2000042', '1000103', '3000000', '713-289-3278','leoalex@gmail.com'),
('121000000', '700000109', 'Aubrey', 'Campbell', '9040 Brickyard Ln', 'Houston', '2000042', '1000123', '3000000', '832-440-1666','aubreycampbell@gmail.com'),
('121000000', '700000110', 'Stewart', 'Mckenzie', '235 Gainsway St', 'Houston', '2000042', '1000111', '3000000', '281-605-0064','stewiwmckenzie@gmail.com'),
('121000000', '700000111', 'Sonja', 'Webster', '8304 Heritdage Way', 'Houston', '2000042', '1000132', '3000000', '832-550-0050','sonjawebster@gmail.com'),
('121000000', '700000112', 'Gloria', 'Beck', '567 Ramblewood St', 'Houston', '2000042', '1000143', '3000000', '281-030-0600','gloriabeck@gmail.com'),
('121000000', '700000113', 'Calvin', 'Marshall', '4002 Randall Mill Ave', 'Houston', '2000042', '1000096', '3000000', '832-697-7770','calvinmarshall@gmail.com'),
('121000000', '700000114', 'Lucy', 'Gonzalez', '550 Cleveland Dr', 'Houston', '2000042', '1000090', '3000000', '281-444-0597','lucygonzo@gmail.com'),
('121000000', '700000115', 'Ralph', 'Rowe', '1009 East Victoria Rd', 'Houston', '2000042', '1000089', '3000000', '832-933-4400','ralphrowe@gmail.com'),
('121000000', '700000009', 'Jeremiah', 'Chambers', '76 Oak Dr', 'Houston', '2000042', '1000043', '3000000', '713-201-2006','j.chambers@gmail.com'),
('121000000', '700000017', 'Edwin', 'Hanson', '6509 Shirley St', 'Houston', '2000042', '1000045', '3000000', '832-222-3456','edwinhanson@gmail.com'),
('121000000', '700000021', 'Silvia', 'Lucas', '9007 Linda Ave', 'Houston', '2000042', '1000049', '3000000', '832-111-2345','silvialucas@gmail.com'),
('121000000', '700000036', 'Lyle', 'Alexander', '7790 Winchester Rd', 'Houston', '2000042', '1000071', '3000000', '713-999-0123','alexanderlyle@gmail.com'),
('121000000', '700000040', 'Andres', 'Price', '8943 Meadowbrook Dr', 'Houston', '2000042', '1000097', '3000000', '713-888-9012','andresprice@gmail.com'),
('121000000', '700000041', 'Israel', 'McDonald', '871 Buckingham St', 'Houston', '2000042', '1000065', '3000000', '281-777-8901','izzymcdonald@gmail.com'),
('121000000', '700000042', 'Desiree', 'May', '1978 Cactus Rd', 'Houston', '2000042', '1000163', '3000000', '832-666-7890','desireemay@gmail.com'),
('121000000', '700000043', 'Lamar', 'Francis', '870 North Canal St', 'Houston', '2000042', '1000076', '3000000', '713-555-6789','lamarfrancis@gmail.com'),
('121000000', '700000045', 'Roger', 'Keller', '316 Pumpkin Hill Ln', 'Houston', '2000042', '1000077', '3000000', '713-444-5678','rogerkeller@gmail.com'),
('121000000', '700000047', 'Kendra', 'Larson', '2356 Devonshire St', 'Houston', '2000042', '1000066', '3000000', '713-333-4567','kendralarson@live.com'),
('121000000', '700000050', 'Wallace', 'Zimmerman', '200 Broad Court', 'Houston', '2000042', '1000055', '3000000', '832-666-0006','wallacezimmyman@gmail.com'),
('121000000', '700000051', 'Olive', 'Pena', '782 Middle River Circle', 'Houston', '2000042', '1000044', '3000000', '281-987-7899','oliviepena90@gmail.com'),
('121000000', '700000053', 'Richard', 'Scott', '7656 Warren Rd', 'Houston', '2000042', '1000088', '3000000', '281-599-6644','rickyscott@gmail.com'),
('121000000', '700000056', 'Eduardo', 'Daniel', '7787 S. Wayne Dr', 'Houston', '2000042', '1000099', '3000000', '281-289-0719','eddiedaniel@gmail.com'),
('121000000', '700000060', 'Alicia', 'Potter', '773 Lyme St', 'Houston', '2000042', '1000116', '3000000', '832-289-7502','aliciapotter@gmail.com'),
('121000000', '700000061', 'Patricia', 'Mendoza', '7786 Pilgram Ave', 'Houston', '2000042', '1000076', '3000000', '832-281-9844','patriciamendoza@gmail.com'),
('121000000', '700000062', 'Anthony', 'Farmer', '6674 Parker Ave', 'Houston', '2000042', '1000111', '3000000', '832-550-0065','anthonyfarmer@gmail.com'),
('121000000', '700000067', 'Billie', 'Mcgee', '7711 Honey Creek St', 'Houston', '2000042', '1000122', '3000000', '713-999-2654','billiemcgee@yahoo.com'),
('121000000', '700000071', 'Lloyd', 'Howell', '1009 Country Club Ave', 'Houston', '2000042', '1000144', '3000000', '832-987-1000','lloydhowie67@gmail.com'),
('121000000', '700000072', 'Erin', 'Delgado', '559 Kent Ave', 'Houston', '2000042', '1000133', '3000000', '713-002-8445','delgaoerin1@gmail.com'),
('121000000', '700000074', 'Lonnie', 'Matthews', '7131 Lafayette Dr', 'Houston', '2000042', '1000133', '3000000', '281-281-7201','lonniematthews@gmail.com'),
('121000000', '700000079', 'Margaret', 'Fletcher', '117 Addison Ave', 'Houston', '2000042', '1000133', '3000000', '281-713-0511','maggiefletch@gmail.com'),
('121000000', '700000083', 'Naomi', 'Haynes', '7460 E. Ocean Dr', 'Houston', '2000042', '1000111', '3000000', '281-333-3390','naomihaynes@outlook.com'),
('121000000', '700000089', 'Krystal', 'Hughes', '761 Pierce Rd', 'Houston', '2000042', '1000112', '3000000', '281-499-7321','krystalhughes@live.com'),
('121000000', '700000095', 'Bill', 'Clayton', '923 Lexington St', 'Houston', '2000042', '1000113', '3000000', '281-0648','billyclayton@yahoo.com'),
('121000000', '700000096', 'Drew', 'Miller', '8049 Ohio St', 'Houston', '2000042', '1000114', '3000000', '832-595-6114','drewmiller000@gmail.com'),
('121000000', '700000097', 'Gerald', 'French', '607 Oak Valley St', 'Houston', '2000042', '1000115', '3000000', '832-959-9849','jerryfinch@gmail.com'),
('121000000', '700000098', 'Lawrence', 'Stone', '7477 Laurel St', 'Houston', '2000042', '1000116', '3000000', '713-069-0480','larrysonte09@gmail.com'),
('121000000', '700000100', 'Floyd', 'Parsons', '8347 North Ave', 'Houston', '2000042', '1000117', '3000000', '281-486-4880','floydparson44@gmail.com'),
('121000000', '700000101', 'Karla', 'King', '741 E. Orchard Dr', 'Houston', '2000042', '1000118', '3000000', '832-006-6487','karlaking23@live.com'),
('121000000', '700000102', 'Angelo', 'Edwards', '983 Clinton St', 'Houston', '2000042', '1000119', '3000000', '281-299-2348','angeloedwards@gmail.com'),
('121000000', '700000103', 'Jacob', 'Rogers', '4758 Shore Ave', 'Houston', '2000042', '1000120', '3000000', '281-444-9806','jacobrigers@gmail.com'),
('121000000', '700000109', 'Jonathan', 'Rodriguez', '880 Manor St', 'Houston', '2000042', '1000121', '3000000', '832-499-6481','jonrodriguez@hotmail.com'),
('121000000', '700000110', 'Kristine', 'Curtis', '1234 Spruce St', 'Houston', '2000042', '1000122', '3000000', '281-468-1674','krissycurtis85@live.com'),
('121000000', '700000111', 'Clark', 'Nichols', '3744 Saxon St', 'Houston', '2000042', '1000123', '3000000', '832-468-4497','clarknichols@gmail.com'),
('121000000', '700000112', 'Bobbie', 'Hicks', '821 2nd St', 'Houston', '2000042', '1000124', '3000000', '281-930-0522','bobhicks@yahoo.com'),
('121000000', '700000113', 'Olivia', 'Hodges', '7632 West San Pablo St', 'Houston', '2000042', '1000125', '3000000', '832-568-5547','oliviahodges@gmail.com'),
('121000000', '700000114', 'Cameron', 'Newton', '9905 Coffee Rd', 'Houston', '2000042', '1000126', '3000000', '281-980-9334','camnewton10@gmail.com'),
('121000000', '700000115', 'Alison', 'Nguyen', '8155 Pineknoll St', 'Houston', '2000042', '1000127', '3000000', '832-164-0033','allynguyen@gmail.com'),
('121000000', '700000009', 'Darren', 'Marsh', '6647 Trenton Ave', 'Houston', '2000042', '1000128', '3000000', '281-406-6510','darrenmarsh@gmail.com'),
('121000000', '700000017', 'Edna', 'Tate', '9524 Division St', 'Houston', '2000042', '1000129', '3000000', '832-458-8833','ednatate100@gmail.com'),
('121000000', '700000021', 'Jackie', 'Frazier', '6 Bay St', 'Houston', '2000042', '1000130', '3000000', '281-711-7933','jackiefrazier@gmail.com'),
('121000000', '700000036', 'Cora', 'Kim', '433 Andover St', 'Houston', '2000042', '1000131', '3000000', '832-443-3201','corakim@gmail.com'),
('121000000', '700000040', 'Lee', 'Connor', '8772 Ramblewood Rd', 'Houston', '2000042', '1000132', '3000000', '832-154-4465','leeconnor1@hotmail.com'),
('121000000', '700000041', 'Kristin', 'Sherman', '75 N Fieldstone Dr', 'Houston', '2000042', '1000133', '3000000', '832-051-1103','krissherman99@gmail.com'),
('121000000', '700000042', 'Javier', 'Nunez', '8039 Saint Ivy Dr', 'Houston', '2000042', '1000134', '3000000', '713-315-3302','javiernunez@yahoo.com'),
('121000000', '700000043', 'Blair', 'Baldwin', '89 Main Dr', 'Houston', '2000042', '1000135', '3000000', '713-011-0987','blairbaldwin00@gmail.com'),
('121000000', '700000045', 'Brett', 'Obrien', '155 Alton Ave', 'Houston', '2000042', '1000136', '3000000', '832-233-0022','brettobrien@gmail.com'),
('121000000', '700000047', 'Craig', 'Munoz', '2100 Schoolhouse St', 'Houston', '2000042', '1000137', '3000000', '713-900-9064','craigmunoz77@gmail.com'),
('121000000', '700000050', 'Boyd', 'Butler', '199 Pine St', 'Houston', '2000042', '1000138', '3000000', '281-288-2899','boydbutler@gmail.com'),
('121000000', '700000051', 'Reginald', 'Baker', '342 West Glenlake St', 'Houston', '2000042', '1000139', '3000000', '832-788-8881','reggiebaker@gmail.com'),
('121000000', '700000053', 'Dallas', 'Hernandez', '7442 Mayfair Way', 'Houston', '2000042', '1000140', '3000000', '713-713-7130','dallashernandez@outlook.com'),
('121000000', '700000056', 'Jamie', 'Wilson', '7845 Boston Ave', 'Houston', '2000042', '1000141', '3000000', '832-832-8320','jamiewilson10@gmail.com'),
('121000000', '700000060', 'Ronnie', 'Griffin', '187 Edgewood Ln', 'Houston', '2000042', '1000142', '3000000', '281-946-0065','rongriff@live.com'),
('121000000', '700000061', 'Darla', 'Cohn', '903 Chalres Court', 'Houston', '2000042', '1000143', '3000000', '713-555-9984','darlacohn@gmail.com'),
('121000000', '700000062', 'Cristina', 'Adams', '665 Alderwood Dr', 'Houston', '2000042', '1000144', '3000000', '832-654-1119','crissyadams@gmail.com'),
('121000000', '700000067', 'Jean', 'Ellis', '9225 Wild Rose Dr', 'Houston', '2000042', '1000145', '3000000', '713-456-1239','jeanellis@yahoo.com'),
('121000000', '700000070', 'Erin', 'Bradley', '877 West Mountainview Ave', 'Houston', '2000042', '1000146', '3000000', '281-645-0884','erinbradley@gmail.com'),
('121000000', '700000071', 'Anthony', 'Wheeler', '798 Glendale Rd', 'Houston', '2000042', '1000145', '3000000', '832-911-4874','tonywheeler@gmail.com');


INSERT INTO AppointmentTopics VALUES
('Showing properties'),
('Meeting with title company'),
('Meeting with seller'),
('Consultation'),
('Appraisal'),
('Home evaluation'),
('Open house'),
('Closing/Signing');

INSERT INTO Appointments VALUES
('700000009', '800000000', '5290006', '2017-08-12', '15:15:00'),
('700000017', '800000001', '5290000', '2015-06-01', '15:20:00'),
('700000021', '800000002', '5290005', '2020-01-20', '19:00:00'),
('700000040', '800000003', '5290005', '2019-08-12', '15:00:00'),
('700000036', '800000004', '5290007', '2019-05-09', '17:00:00'),
('700000043', '800000005', '5290007', '2021-02-03', '12:30:00'),
('700000042', '800000006', '5290000', '2017-09-12', '14:30:00'),
('700000114', '800000007', '5290002', '2016-02-13', '15:45:00'),
('700000056', '800000008', '5290005', '2015-03-19', '15:00:00'),
('700000053', '800000009', '5290001', '2019-05-06', '08:45:00'),
('700000062', '800000010', '5290006', '2020-07-11', '11:30:00'),
('700000067', '800000011', '5290003', '2014-01-04', '10:45:00'),
('700000074', '800000012', '5290000', '2015-10-10', '14:00:00'),
('700000083', '800000013', '5290000', '2017-03-25', '14:30:00'),
('700000095', '800000014', '5290006', '2018-12-27', '14:00:00'),
('700000096', '800000015', '5290005', '2016-11-28', '14:45:00'),
('700000079', '800000016', '5290001', '2019-12-11', '13:45:00'),
('700000097', '800000017', '5290007', '2020-12-12', '12:00:00'),
('700000071', '800000018', '5290005', '2015-06-07', '15:30:00'),
('700000098', '800000019', '5290007', '2014-06-01', '08:00:00'),
('700000100', '800000020', '5290006', '2020-02-07', '09:45:00'),
('700000101', '800000021', '5290005', '2020-11-01', '12:30:00'),
('700000102', '800000022', '5290002', '2019-02-14', '13:00:00'),
('700000109', '800000023', '5290001', '2018-02-13', '14:30:00'),
('700000110', '800000024', '5290000', '2015-03-17', '09:00:00'),
('700000111', '800000025', '5290007', '2018-04-15', '10:00:00'),
('700000112', '800000026', '5290007', '2015-02-07', '14:30:00'),
('700000113', '800000027', '5290000', '2016-03-09', '14:00:00'),
('700000114', '800000028', '5290000', '2012-10-10', '14:15:00'),
('700000115', '800000029', '5290000', '2013-07-13', '15:45:00'),
('700000103', '800000030', '5290005', '2021-01-31', '10:00:00'),
('700000074', '800000031', '5290005', '2021-03-21', '10:45:00'),
('700000083', '800000032', '5290000', '2018-08-09', '09:00:00'),
('700000009', '800000033', '5290000', '2014-02-19', '08:30:00'),
('700000021', '800000034', '5290006', '2015-03-20', '16:00:00'),
('700000017', '800000035', '5290000', '2017-04-21', '19:00:00'),
('700000036', '800000036', '5290000', '2019-05-06', '09:45:00'),
('700000041', '800000037', '5290006', '2018-07-19', '10:45:00'),
('700000114', '800000038', '5290005', '2020-01-20', '09:30:00'),
('700000042', '800000039', '5290007', '2020-01-29', '09:45:00'),
('700000050', '800000040', '5290007', '2020-04-23', '10:30:00'),
('700000005', '800000041', '5290006', '2020-12-26', '14:30:00'),
('700000051', '800000042', '5290005', '2019-09-27', '10:10:00'),
('700000045', '800000043', '5290003', '2018-01-01', '14:00:00'),
('700000053', '800000044', '5290006', '2020-04-04', '15:00:00'),
('700000056', '800000045', '5290002', '2018-05-05', '16:00:00'),
('700000060', '800000046', '5290001', '2019-06-06', '17:45:00'),
('700000061', '800000047', '5290001', '2020-07-07', '15:30:00'),
('700000067', '800000048', '5290002', '2021-01-22', '10:00:00'),
('700000062', '800000049', '5290004', '2020-12-20', '16:15:00'),
('700000067', '800000050', '5290000', '2019-12-21', '11:15:00'),
('700000070', '800000051', '5290000', '2019-11-29', '11:00:00'),
('700000071', '800000052', '5290005', '2017-12-30', '12:00:00'),
('700000072', '800000053', '5290004', '2018-10-21', '12:00:00'),
('700000083', '800000054', '5290005', '2018-11-09', '16:15:00'),
('700000089', '800000055', '5290001', '2020-04-10', '12:00:00'),
('700000095', '800000056', '5290007', '2020-05-10', '13:30:00'),
('700000096', '800000057', '5290007', '2019-02-09', '16:00:00'),
('700000100', '800000058', '5290001', '2018-03-23', '18:30:00'),
('700000097', '800000059', '5290000', '2019-04-24', '18:00:00'),
('700000115', '800000060', '5290007', '2020-05-25', '17:45:00'),
('700000098', '800000061', '5290000', '2020-02-20', '17:00:00'),
('700000100', '800000062', '5290007', '2018-01-20', '13:20:00'),
('700000114', '800000063', '5290000', '2018-01-03', '12:45:00'),
('700000111', '800000064', '5290000', '2017-10-28', '14:15:00'),
('700000112', '800000065', '5290000', '2019-09-08', '14:45:00'),
('700000113', '800000066', '5290003', '2014-05-09', '15:45:00'),
('700000101', '800000067', '5290005', '2019-07-17', '15:30:00'),
('700000102', '800000068', '5290003', '2021-02-03', '09:45:00'),
('700000103', '800000069', '5290001', '2018-07-10', '17:00:00'),
('700000109', '800000070', '5290007', '2021-01-10', '20:00:00'),
('700000109', '800000071', '5290000', '2020-07-01', '16:10:00'),
('700000110', '800000072', '5290000', '2019-08-26', '16:00:00'),
('700000089', '800000073', '5290001', '2020-07-10', '18:15:00'),
('700000095', '800000074', '5290004', '2019-10-10', '13:30:00'),
('700000096', '800000075', '5290007', '2019-11-11', '12:45:00'),
('700000097', '800000076', '5290000', '2020-07-09', '12:45:00'),
('700000098', '800000077', '5290000', '2020-07-12', '17:45:00'),
('700000083', '800000078', '5290006', '2018-07-24', '15:45:00'),
('700000089', '800000079', '5290000', '2020-04-20', '14:30:00'),
('700000051', '800000080', '5290003', '2020-01-30', '12:30:00'),
('700000070', '800000081', '5290003', '2019-01-21', '12:30:00'),
('700000067', '800000082', '5290001', '2021-01-28', '14:30:00'),
('700000061', '800000083', '5290000', '2019-07-07', '15:45:00'),
('700000070', '800000084', '5290006', '2020-02-01', '16:30:00'),
('700000089', '800000085', '5290002', '2021-03-14', '12:30:00'),
('700000083', '800000086', '5290007', '2020-01-18', '11:00:00'),
('700000089', '800000087', '5290007', '2020-03-01', '10:45:00'),
('700000095', '800000088', '5290002', '2018-09-11', '09:30:00'),
('700000096', '800000089', '5290001', '2020-01-29', '10:45:00'),
('700000101', '800000090', '5290006', '2020-03-09', '13:30:00'),
('700000101', '800000091', '5290003', '2019-12-15', '15:45:00'),
('700000102', '800000092', '5290007', '2020-11-04', '17:30:00'),
('700000103', '800000093', '5290003', '2020-09-19', '16:00:00'),
('700000056', '800000094', '5290002', '2019-09-23', '15:00:00'),
('700000030', '800000095', '5290001', '2020-05-24', '12:00:00'),
('700000085', '800000096', '5290003', '2021-02-26', '18:00:00'),
('700000061', '800000097', '5290007', '2017-10-02', '13:00:00'),
('700000062', '800000098', '5290003', '2020-09-01', '12:00:00'),
('700000053', '800000099', '5290002', '2020-02-02', '17:45:00');

INSERT INTO PropertyType
VALUES
('Single-Family','Home not attached to another home'),
('Townhouse','If the home shares walls with another home'),
('Condo','Owning part of the building'),
('Lot','Plot of land'),
('Multi-Family','More than one living unit'),
('Country Homes','A home on a large amount of land'),
('Mid/High Rise Condo','Owning a unit in a Mid/High rise'),
('Rental','A home that you pay a monthly fee to reside in'),
('Acreage','More than one acre of land');


INSERT INTO ListingInformation VALUES 
('800000001', '62000000', '2233 14th St', 'Houston', '2000042', '1000035', '3000000', '1000', '4', '2'),
('800000002', '62000001', '872 Forrest Hills Dr', 'Houston', '2000042', '1000053', '3000000', '1500', '2', '2'),
('800000003', '62000002', '92 Sum Ting Rd', 'Houston', '2000042', '1000054', '3000000', '1000', '2', '1'),
('800000004', '62000003', '22 Jackson St', 'Houston', '2000042', '1000055', '3000000', '3000', '4', '3'),
('800000005', '62000004', '9872 Long Dr', 'Houston', '2000042', '1000056', '3000000', '600', '1', '1'),
('800000006', '62000005', '1233 Belknap Rd', 'Houston', '2000042', '1000057', '3000000', '10000', '10', '5'),
('800000007', '62000006', '2344 Kerney St', 'Houston', '2000042', '1000058', '3000000', '1000', '2', '1'),
('800000008', '62000007', '2365 Beech Ave', 'Houston', '2000042', '1000059', '3000000', '1500', '3', '2'),
('800000009', '62000008', '3rd Street', 'Houston','2000042', '1000060', '3000000', '2000', '4', '3'),
('800000010', '62000002', '56 Lakeside Blvd', 'Houston', '2000042', '1000061', '3000000', '2000', '3', '2'),
('800000011', '62000004', '7862 Broken Ave', 'Houston', '2000042', '1000062', '3000000', '3500', '1', '1'),
('800000012', '62000001', '572 2nd Cup St', 'Houston', '2000042', '1000064', '3000000', '1000', '2', '2'),
('800000013', '62000003', '3342 Round Circle Dr', 'Houston', '2000042', '1000064', '3000000', '1000', '2', '4'),
('800000014', '62000008', '3327 Road Round st', 'Houston', '2000042', '1000063', '3000000', '1200', '2', '2'),
('800000015', '62000003', '3131 Timmons St', 'Houston', '2000042', '1000054', '3000000', '1000', '1', '2'),
('800000016', '62000005', '2222 Steel St', 'Houston', '2000042', '1000034', '3000000', '1000', '2', '3'),
('800000017', '62000004', '5567 Turtle Dr', 'Houston', '2000042', '1000042', '3000000', '1500', '1', '1'),
('800000018', '62000007', '222 River oaks', 'Houston', '2000042', '1000052', '3000000', '1000', '3', '5'),
('800000019', '62000008', '5847 Almeda', 'Houston', '2000042', '1000021', '3000000', '1000', '2', '4'),
('800000020', '62000007', '4045 May Dr', 'Houston', '2000042', '1000035', '3000000', '1000', '2', '4'),
('800000021', '62000001', '4224 Long Horn', 'Houston', '2000042', '1000044', '3000000', '1050', '1', '1'),
('800000022', '62000005', '5534 Cow Drive', 'Houston', '2000042', '1000074', '3000000', '3000', '2', '4'),
('800000023', '62000005', '222 Short Drive', 'Houston', '2000042', '1000084', '3000000', '1000', '2', '4'),
('800000024', '62000001', 'Houston Drive', 'Houston', '2000042', '1000034', '3000000', '1500', '2', '3'),
('800000025', '62000001', '238 Longbird Drive', 'Houston', '2000042', '1000044', '3000000', '1200', '1', '2'),
('800000026', '62000003', '224 Lastmoon Drive', 'Houston', '2000042', '1000144', '3000000', '1350', '2', '1'),
('800000027', '62000003', '98762 West 44 St', 'Houston', '2000042', '1000004', '3000000', '1050', '1', '1'),
('800000028', '62000001', ' 5587 Longway Dr', 'Houston', '2000042', '1000042', '3000000', '1100', '1', '2'),
('800000029', '62000003', '88834 Sunyside St', 'Houston', '2000042', '1000034', '3000000', '1000', '1', '1'),
('800000030', '62000002', '7789 Texas Street', 'Houston', '2000042', '1000044', '3000000', '1000', '2', '3'),
('800000031', '62000003', '4774 Lazylane Drive', 'Houston', '2000042', '1000024', '3000000', '1400', '2', '3'),
('800000032', '62000001', '3324 Slow Drive', 'Houston', '2000042', '1000024', '3000000', '1600', '2', '3'),
('800000033', '62000002', '765 County Rd', 'Houston', '2000042', '1000134', '3000000', '800', '1', '1'),
('800000034', '62000008', '1919 Park LN Drive', 'Houston', '2000042', '1000094', '3000000', '3000', '3', '4'),
('800000035', '62000004', '888 Lot 49', 'Houston', '2000042', '1000054', '3000000', '750', '1', '1'),
('800000036', '62000001', '7784 Runner Ln', 'Houston', '2000042', '1000093', '3000000', '1800', '2', '3'),
('800000037', '62000001', '978723 Steet Drive', 'Houston', '2000042', '1000114', '3000000', '1200', '1', '2'),
('800000038', '62000003', '5553 Conner Dr', 'Houston', '2000042', '1000042', '3000000', '1000', '3', '3'),
('800000039', '62000002', '8853 Hoefling LN', 'Houston', '2000042', '1000034', '3000000', '1000', '2', '3'),
('800000040', '62000003', '88873 County Road 3', 'Houston', '2000042', '1000004', '3000000', '1100', '1', '2'),
('800000041', '62000001', '3321 Fast LN', 'Houston', '2000042', '1000032', '3000000', '1000', '1', '3'),
('800000042', '62000001', '9453 Austin Drive', 'Houston', '2000042', '1000033', '3000000', '2100', '1', '3'),
('800000043', '62000001', '2312 Roundup Rd', 'Houston', '2000042', '1000076', '3000000', '1250', '1', '1'),
('800000044', '62000002', '8899 Ladybird St', 'Houston', '2000042', '1000062', '3000000', '1000', '2', '3'),
('800000045', '62000002', '837374 610 W', 'Houston', '2000042', '1000073', '3000000', '1000', '1', '2'),
('800000046', '62000001', '7784 W Mary Road', 'Houston', '2000042', '1000053', '3000000', '1400', '2', '3'),
('800000047', '62000001', '5293 Whynot circle', 'Houston', '2000042', '1000069', '3000000', '1370', '1', '3'),
('800000048', '62000007', '8634 Springbranch Ln', 'Houston', '2000042', '1000022', '3000000', '1200', '1', '3'),
('800000049', '62000001', ' 4343 Picket Hill Ln', 'Houston', '2000042', '1000014', '3000000', '1500', '2', '3'),
('800000050', '62000008', '7789 Short Drive', 'Houston', '2000042', '1000065', '3000000', '1000', '1', '3'),
('800000051', '62000001', '52379 Business Dr', 'Houston', '2000042', '1000004', '3000000', '1300', '3', '2'),
('800000052', '62000001', '927 Westbury Rd', 'Houston', '2000042', '1000033', '3000000', '4000', '4', '8'),
('800000053', '62000002', ' 8891 Westway St', 'Houston', '2000042', '1000062', '3000000', '2100', '1', '3'),
('800000054', '62000007', '6663 Rodeo way', 'Houston', '2000042', '1000077', '3000000', '1000', '2', '4'),
('800000055', '62000001', '77 Short Street', 'Houston', '2000042', '1000098', '3000000', '1000', '1', '1'),
('800000056', '62000006', '2121 Blueberry Drive', 'Houston', '2000042', '1000083', '3000000', '1000', '1', '3'),
('800000057', '62000002', '8823 Country Club Drive', 'Houston', '2000042', '1000044', '3000000', '1000', '7', '9'),
('800000058', '62000007', '3399 Westfalls Rd', 'Houston', '2000042', '1000055', '3000000', '1400', '2', '3'),
('800000059', '62000001', '675422 Flash Street', 'Houston', '2000042', '1000062', '3000000', '1200', '1', '3'),
('800000060', '62000001', '9222 Greatwood Dr', 'Houston', '2000042', '1000014', '3000000', '2400', '2', '4'),
('800000060', '62000002', '4332 Runaway Drive', 'Houston', '2000042', '1000124', '3000000', '2200', '3', '3'),
('800000061', '62000001', '22773 Cherry LN', 'Houston', '2000042', '1000012', '3000000', '2100', '2', '3'),
('800000062', '62000003', '3434 E Belfort Dr', 'Houston', '2000042', '1000064', '3000000', '1200', '1', '3'),
('800000063', '62000001', '444 Longboat Drive', 'Houston', '2000042', '1000043', '3000000', '1000', '2', '4'),
('800000064', '62000008', '9001 North West Drive', 'Houston', '2000042', '1000062', '3000000', '1000', '2', '3'),
('800000065', '62000001', '5583 West 45 St', 'Houston', '2000042', '1000061', '3000000', '1500', '1', '2'),
('800000066', '62000007', '7777 Lucky Ln', 'Houston', '2000042', '1000011', '3000000', '3100', '4', '4'),
('800000067', '62000001', '8008 Westroad Ln', 'Houston', '2000042', '1000114', '3000000', '2900', '3', '3'),
('800000068', '62000002', '3332 Long Lane', 'Houston', '2000042', '1000068', '3000000', '2600', '3', '4'),
('800000069', '62000001', '4444 Slim Drive', 'Houston', '2000042', '1000064', '3000000', '1800', '2', '3'),
('800000070', '62000006', '5004 Brooke Drive', 'Houston', '2000042', '1000124', '3000000', '1000', '1', '2'),
('800000071', '62000001', '2298 Tech Street', 'Houston', '2000042', '1000042', '3000000', '1000', '1', '2'),
('800000072', '62000003', '88894 East Riverside Dr', 'Houston', '2000042', '1000088', '3000000', '1200', '1', '3'),
('800000073', '62000001', '7733 Windy Ln', 'Houston', '2000042', '1000084', '3000000', '1380', '2', '3'),
('800000074', '62000001', '5522 Stealmill Drive', 'Houston', '2000042', '1000045', '3000000', '1500', '2', '4'),
('800000075', '62000001', '2211 South Drive', 'Houston', '2000042', '1000024', '3000000', '2400', '3', '3'),
('800000076', '62000002', '9999 Short Drive', 'Houston', '2000042', '1000048', '3000000', '2650', '3', '4'),
('800000077', '62000001', '444 Wheellane Drive', 'Houston', '2000042', '1000087', '3000000', '3150', '3', '5'),
('800000078', '62000001', '3311 Behind St', 'Houston', '2000042', '1000062', '3000000', '800', '1', '2'),
('800000079', '62000004', '88888 Longlot 78', 'Houston', '2000042', '1000015', '3000000', '550', '1', '1'),
('800000080', '62000001', '6541 Cedar Longway', 'Houston', '2000042', '1000062', '3000000', '2050', '2', '3'),
('800000081', '62000001', '444 Appleway Road', 'Houston', '2000042', '1000062', '3000000', '1100', '1', '2'),
('800000082', '62000007', '3344 Long Drive', 'Houston', '2000042', '1000076', '3000000', '1000', '1', '2'),
('800000083', '62000002', '2244 Medical Drive', 'Houston', '2000042', '1000034', '3000000', '1500', '2', '3'),
('800000084', '62000001', '8722 Healtylane', 'Houston', '2000042', '1000062', '3000000', '1550', '2', '3'),
('800000085', '62000002', '2299 Circle Drive', 'Houston', '2000042', '1000122', '3000000', '2450', '3', '4'),
('800000086', '62000007', '443 Southside St', 'Houston', '2000042', '1000124', '3000000', '1425', '2', '2'),
('800000087', '62000007', '3211 Happy Lane Drive', 'Houston', '2000042', '1000022', '3000000', '2050', '2', '4'),
('800000088', '62000001', '4332 Turnaround Loop', 'Houston', '2000042', '1000022', '3000000', '2000', '2', '3'),
('800000089', '62000001', '66553 Butterfly Drive', 'Houston', '2000042', '1000014', '3000000', '2050', '2', '3'),
('800000090', '62000001', '2323 Harvey circle', 'Houston', '2000042', '1000007', '3000000', '4050', '5', '4'),
('800000091', '62000007', '4444 Rice Blvd', 'Houston', '2000042', '1000033', '3000000', '3500', '4', '6'),
('800000092', '62000003', '5534 South Shepperd Dr', 'Houston', '2000042', '1000024', '3000000', '1200', '1', '3'),
('800000093', '62000001', '4321 Heights Lane', 'Houston', '2000042', '1000004', '3000000', '1600', '2', '3'),
('800000094', '62000003', '887652 Montrose Drive', 'Houston', '2000042', '1000003', '3000000', '1000', '1', '2'),
('800000095', '62000002', '9738 Happy Drive', 'Houston', '2000042', '1000042', '3000000', '1000', '1', '2'),
('800000096', '62000003', '332 Lastlane Drive', 'Houston', '2000042', '1000003', '3000000', '1100', '1', '2'),
('800000097', '62000007', '4444 Memorial Dr', 'Houston', '2000042', '1000022', '3000000', '4500', '5', '5'),
('800000098', '62000001', '8876 Post Oak Drive', 'Houston', '2000042', '1000044', '3000000', '1550', '2', '2'),
('800000099', '62000001', '5553 Kirby Drive', 'Houston', '2000042', '1000061', '3000000', '1700', '2', '3'),
('800000001', '62000001', '9922 Tully Lane Dr', 'Houston', '2000042', '1000046', '3000000', '1000', '1', '1'),
('800000002', '62000001', '8824 Happy Trail Drive', 'Houston', '2000042', '1000088', '3000000', '1950', '2', '4'),

('800000185', '62000007', '1524 Server Rd.', 'Houston', '2000042', '1000035', '3000000', '1000', '2', '2'),
('800000165', '62000008', '3541 Mann St.', 'Houston', '2000042', '1000034', '3000000', '2000', '3', '2'),
('800000194', '62000004', '2230 7th St.', 'Houston', '2000042', '1000054', '3000000', '1500', '3', '2'),
('800000193', '62000002', '35486 Fine St.', 'Houston', '2000042', '1000054', '3000000', '1900', '3', '2'),
('800000192', '62000005', '1205 Center Dr.', 'Houston', '2000042', '1000035', '3000000', '2100', '3', '2'),
('800000191', '62000000', '201 City Dr.', 'Houston', '2000042', '1000035', '3000000', '1000', '2', '2'),
('800000150', '62000006', '223 Plaza St.', 'Houston', '2000042', '1000035', '3000000', '2100', '4', '3'),
('800000036', '62000003', '17456 Terrace St.', 'Houston', '2000042', '1000035', '3000000', '1400', '3', '2'),
('800000045', '62000003', '5248 Joker Rd.', 'Houston', '2000042', '1000035', '3000000', '1900', '3', '2'),
('800000153', '62000008', '9841 Land St.', 'Houston', '2000042', '1000035', '3000000', '1600', '3', '2'),
('800000184', '62000007', '657 Stafford St.', 'Houston', '2000042', '1000035', '3000000', '1300', '3', '2'),
('800000190', '62000004', '3450 Parker St.', 'Houston', '2000042', '1000035', '3000000', '1200', '3', '2'),
('800000176', '62000005', '2054 Fournace St.', 'Houston', '2000042', '1000035', '3000000', '1100', '3', '2'),
('800000181', '62000006', '10584 Burney St.', 'Houston', '2000042', '1000034', '3000000', '2000', '4', '3'),
('800000180', '62000001', '2356 Florence St.', 'Houston', '2000042', '1000034', '3000000', '2500', '4', '3'),
('800000185', '62000002', '8600 Rocket St.', 'Houston', '2000042', '1000035', '3000000', '3600', '5', '4'),
('800000184', '62000003', '865 Dynamo St.', 'Houston', '2000042', '1000054', '3000000', '1800', '3', '2'),
('800000183', '62000004', '10487 Astro St.', 'Houston', '2000042', '1000042', '3000000', '1600', '3', '2'),
('800000182', '62000005', '3568 Angel Dr.', 'Houston', '2000042', '1000035', '3000000', '1200', '3', '2'),
('800000186', '62000006', '9745 Diego St.', 'Houston', '2000042', '1000035', '3000000', '2000', '4', '3'),
('800000190', '62000007', '3564 Saint St.', 'Houston', '2000042', '1000035', '3000000', '2500', '4', '3'),
('800000195', '62000008', '1254 El Segundo St.', 'Houston', '2000042', '1000035', '3000000', '1800', '3', '2'),
('800000194', '62000000', '2084 Black St.', 'Houston', '2000042', '1000060', '3000000', '1600', '3', '2'),
('800000193', '62000008', '6984 Small St.', 'Houston', '2000042', '1000035', '3000000', '1600', '3', '2'),
('800000191', '62000007', '7710 Roosevelt St.', 'Houston', '2000042', '1000060', '3000000', '1700', '3', '2'),
('800000192', '62000005', '2275 Clay St.', 'Houston', '2000042', '1000035', '3000000', '1700', '3', '2'),
('800000177', '62000007', '2273 Clarity Ln.', 'Houston', '2000042', '1000035', '3000000', '1500', '3', '2'),
('800000176', '62000003', '5576 Cypress St.', 'Houston', '2000042', '1000035', '3000000', '1000', '3', '2'),
('800000175', '62000006', '2365 Barker St.', 'Houston', '2000042', '1000035', '3000000', '2300', '4', '3'),
('800000174', '62000004', '2524 Westgreen Ln.', 'Houston', '2000042', '1000035', '3000000', '2000', '4', '3'),
('800000173', '62000008', '3875 Clover St.', 'Houston', '2000042', '1000060', '3000000', '1000', '3', '2'),
('800000182', '62000008', '3569 Pin Oak St.', 'Houston', '2000042', '1000035', '3000000', '3000', '5', '4'),
('800000186', '62000000', '9874 Sea Ln.', 'Houston', '2000042', '1000042', '3000000', '1500', '3', '2'),
('800000184', '62000006', '1546 Ocean St.', 'Houston', '2000042', '1000054', '3000000', '1900', '4', '3'),
('800000182', '62000001', '8520 Water St.', 'Houston', '2000042', '1000035', '3000000', '1500', '3', '2'),
('800000196', '62000000', '4685 Rose St.', 'Houston', '2000042', '1000034', '3000000', '1500', '3', '2'),
('800000197', '62000001', '48752 Waller St.', 'Houston', '2000042', '1000060', '3000000', '1200', '3', '2'),
('800000198', '62000006', '321 Baybrook St.', 'Houston', '2000042', '1000035', '3000000', '1800', '4', '3'),
('800000172', '62000008', '32 First St.', 'Houston', '2000042', '1000035', '3000000', '2500', '4', '3'),
('800000171', '62000008', '20568 Colony St.', 'Houston', '2000042', '1000042', '3000000', '2600', '4', '3'),
('800000170', '62000007', '2659 Brooks St.', 'Houston', '2000042', '1000035', '3000000', '2800', '4', '4'),
('800000169', '62000003', '2841 Estates St.', 'Houston', '2000042', '1000035', '3000000', '1000', '2', '2'),
('800000168', '62000003', '2358 Voss St.', 'Houston', '2000042', '1000035', '3000000', '2000', '3', '2'),
('800000167', '62000002', '4560 Dorado Dr.', 'Houston', '2000042', '1000060', '3000000', '1000', '2', '2'),
('800000166', '62000002', '9082 12th St.', 'Houston', '2000042', '1000035', '3000000', '1500', '3', '2'),
('800000165', '62000002', '22020 North St.', 'Houston', '2000042', '1000034', '3000000', '2300', '4', '3'),
('800000164', '62000007', '2278 Bruce St.', 'Houston', '2000042', '1000054', '3000000', '1000', '3', '2'),
('800000163', '62000000', '1236 Naranjo St.', 'Houston', '2000042', '1000035', '3000000', '1800', '3', '2'),
('800000162', '62000000', '2232 Kraus Ln.', 'Houston', '2000042', '1000035', '3000000', '1000', '3', '2'),
('800000161', '62000007', '3564 Glover St.', 'Houston', '2000042', '1000060', '3000000', '1600', '3', '2'),
('800000150', '62000001', '6584 14th St.', 'Houston', '2000042', '1000035', '3000000', '1000', '2', '2'),
('800000151', '62000001', '2458 Friend Rd.', 'Houston', '2000042', '1000035', '3000000', '1400', '3', '2'),
('800000152', '62000006', '22300 Summer Time St.', 'Houston', '2000042', '1000035', '3000000', '1500', '3', '2'),
('800000115', '62000005', '356 Sugar St.', 'Houston', '2000042', '1000035', '3000000', '1000', '2', '2'),
('800000153', '62000004', '7598 Night St.', 'Houston', '2000042', '1000042', '3000000', '1800', '3', '2'),
('800000154', '62000007', '2298 Love Dr.', 'Houston', '2000042', '1000035', '3000000', '1000', '2', '2'),
('800000155', '62000000', '20036 Mate St.', 'Houston', '2000042', '1000060', '3000000', '1900', '3', '2'),
('800000156', '62000008', '10269 Wave St.', 'Houston', '2000042', '1000034', '3000000', '1800', '3', '2'),
('800000157', '62000002', '10205 River St.', 'Houston', '2000042', '1000035', '3000000', '1700', '3', '2'),
('800000158', '62000001', '20520 Hargrove Cir.', 'Houston', '2000042', '1000042', '3000000', '1500', '3', '2'),
('800000159', '62000003', '22553 Hairy Ln.', 'Houston', '2000042', '1000035', '3000000', '1000', '3', '2'),
('800000160', '62000007', '215 Sterling St.', 'Houston', '2000042', '1000035', '3000000', '2000', '4', '2'),
('800000142', '62000005', '1470 Canal St.', 'Houston', '2000042', '1000034', '3000000', '1000', '3', '2'),
('800000015', '62000004', '2003 New York St.', 'Houston', '2000042', '1000035', '3000000', '3500', '4', '2'),
('800000098', '62000007', '2058 Laney Dr.', 'Houston', '2000042', '1000034', '3000000', '1000', '2', '2'),
('800000066', '62000005', '2569 Smith St.', 'Houston', '2000042', '1000060', '3000000', '3600', '4', '4'),
('800000085', '62000002', '10404 Bridge St.', 'Houston', '2000042', '1000042', '3000000', '3500', '4', '4'),
('800000062', '62000007', '20151 Wood Rd.', 'Houston', '2000042', '1000035', '3000000', '3200', '4', '3'),
('800000052', '62000000', '235 Dover St.', 'Houston', '2000042', '1000035', '3000000', '1500', '3', '2'),
('800000011', '62000001', '1540 Gaston St.', 'Houston', '2000042', '1000035', '3000000', '1900', '3', '2'),
('800000022', '62000005', '2202 Boss St.', 'Houston', '2000042', '1000034', '3000000', '3100', '4', '3'),
('800000033', '62000004', '25462 White St.', 'Houston', '2000042', '1000035', '3000000', '2000', '4', '3'),
('800000099', '62000007', '225 14th St.', 'Houston', '2000042', '1000035', '3000000', '1000', '3', '2'),
('800000088', '62000008', '3698 Silver Ln.', 'Houston', '2000042', '1000035', '3000000', '1800', '3', '2'),
('800000077', '62000003', '4254 Granny Ln.', 'Houston', '2000042', '1000035', '3000000', '1000', '3', '2'),
('800000066', '62000006', '1952 Memorial St.', 'Houston', '2000042', '1000035', '3000000', '1900', '3', '2'),
('800000055', '62000001', '1997 Forest St.', 'Houston', '2000042', '1000034', '3000000', '1500', '2', '2'),
('800000045', '62000004', '2013 Briar St.', 'Houston', '2000042', '1000060', '3000000', '1100', '2', '2'),
('800000036', '62000001', '15422 Ashford St.', 'Houston', '2000042', '1000035', '3000000', '2000', '4', '3'),
('800000101', '62000007', '20025 Dairy Rd.', 'Houston', '2000042', '1000060', '3000000', '1800', '3', '2'),
('800000150', '62000001', '1253 Wilcrest St.', 'Houston', '2000042', '1000035', '3000000', '1800', '3', '2'),
('800000149', '62000000', '10201 Kirkwood St.', 'Houston', '2000042', '1000035', '3000000', '1000', '3', '2'),
('800000147', '62000001', '2658 Murphy St.', 'Houston', '2000042', '1000035', '3000000', '1200', '3', '2'),
('800000148', '62000000', '2305 Hillcroft St.', 'Houston', '2000042', '1000035', '3000000', '1500', '3', '2'),
('800000146', '62000002', '2541 Richmond St.', 'Houston', '2000042', '1000042', '3000000', '1800', '3', '2'),
('800000144', '62000003', '1598 Old Rich Dr.', 'Houston', '2000042', '1000054', '3000000', '2000', '3', '2'),
('800000143', '62000007', '1998 Belknap St.', 'Houston', '2000042', '1000035', '3000000', '1000', '2', '2'),
('800000142', '62000002', '2002 Fuqua St.', 'Houston', '2000042', '1000034', '3000000', '1300', '2', '2'),
('800000145', '62000002', '12054 Hearts St.', 'Houston', '2000042', '1000060', '3000000', '1000', '2', '2'),
('800000141', '62000007', '12005 Mayday St.', 'Houston', '2000042', '1000042', '3000000', '2500', '4', '3'),
('800000140', '62000001', '65025 Lent St.', 'Houston', '2000042', '1000035', '3000000', '1000', '2', '2'),
('800000139', '62000002', '9900 Mason St.', 'Houston', '2000042', '1000035', '3000000', '2100', '3', '2'),
('800000138', '62000007', '25101 Harlem St.', 'Houston', '2000042', '1000035', '3000000', '2000', '3', '2'),
('800000137', '62000002', '12500 San Miguel Ln.', 'Houston', '2000042', '1000042', '3000000', '2900', '3', '2'),
('800000136', '62000007', '2291 W Airport St.', 'Houston', '2000042', '1000035', '3000000', '1000', '2', '2'),
('800000135', '62000006', '22002 Eldrigde St.', 'Houston', '2000042', '1000060', '3000000', '3500', '4', '3'),
('800000134', '62000005', '22056 W Bellfort St.', 'Houston', '2000042', '1000042', '3000000', '1000', '2', '2'),
('800000133', '62000008', '20250 Beechnut St.', 'Houston', '2000042', '1000054', '3000000', '2000', '3', '2'),
('800000132', '62000000', '2710 Bellaire St.', 'Houston', '2000042', '1000034', '3000000', '1800', '3', '2'),
('800000131', '62000002', '2597 Bisonnet Cir.', 'Houston', '2000042', '1000060', '3000000', '1500', '3', '2'),
('800000130', '62000001', '4860 Gulfton Dr.', 'Houston', '2000042', '1000035', '3000000', '1000', '3', '2'),
('800000121', '62000001', '30561 Kinfolk St.', 'Houston', '2000042', '1000035', '3000000', '1400', '3', '2'),
('800000122', '62000002', '10250 Team St.', 'Houston', '2000042', '1000035', '3000000', '1800', '3', '2'),
('800000123', '62000001', '48952 Messi St.', 'Houston', '2000042', '1000035', '3000000', '1300', '3', '2'),
('800000124', '62000007', '5546 Scott St.', 'Houston', '2000042', '1000060', '3000000', '2800', '4', '3'),
('800000125', '62000001', '12546 Rage St.', 'Houston', '2000042', '1000035', '3000000', '1700', '3', '2'),
('800000126', '62000007', '10252 Peace St.', 'Houston', '2000042', '1000035', '3000000', '2900', '4', '3'),
('800000127', '62000001', '2500 Keys St.', 'Houston', '2000042', '1000035', '3000000', '2000', '4', '3'),
('800000128', '62000007', '45900 Lions St.', 'Houston', '2000042', '1000042', '3000000', '2400', '4', '3'),
('800000129', '62000001', '7845 Red Ln.', 'Houston', '2000042', '1000035', '3000000', '2000', '4', '3'),
('800000130', '62000007', '5600 Sofia St.', 'Houston', '2000042', '1000035', '3000000', '1000', '2', '2'),
('800000101', '62000001', '2233 Furious St.', 'Houston', '2000042', '1000034', '3000000', '1000', '3', '2'),
('800000120', '62000007', '2050 Thatch St.', 'Houston', '2000042', '1000035', '3000000', '1500', '3', '2'),
('800000119', '62000004', '1234 4th St.', 'Houston', '2000042', '1000035', '3000000', '1900', '4', '3'),
('800000118', '62000005', '2230 3rd St.', 'Houston', '2000042', '1000035', '3000000', '2000', '4', '3'),
('800000117', '62000007', '2200 2nd Rd.', 'Houston', '2000042', '1000060', '3000000', '1500', '3', '2'),
('800000116', '62000008', '2560 1st St.', 'Houston', '2000042', '1000034', '3000000', '1800', '3', '2'),
('800000121', '62000000', '6500 Houston St.', 'Houston', '2000042', '1000035', '3000000', '1700', '3', '2'),
('800000036', '62000007', '12340 Limelight St.', 'Houston', '2000042', '1000035', '3000000', '1800', '3', '2'),
('800000015', '62000004', '36500 Home St.', 'Houston', '2000042', '1000035', '3000000', '1000', '2', '2'),
('800000025', '62000005', '20009 Sunny Valley Ln.', 'Houston', '2000042', '1000035', '3000000', '2000', '4', '3'),
('800000032', '62000003', '9807 Yellow Sun St.', 'Houston', '2000042', '1000042', '3000000', '3000', '4', '3'),
('800000056', '62000002', '23500 Page St.', 'Houston', '2000042', '1000035', '3000000', '1000', '3', '2'),
('800000002', '62000007', '2541 Mint St.', 'Houston', '2000042', '1000035', '3000000', '1900', '3', '2'),
('800000095', '62000001', '6548 Red Way Dr.', 'Houston', '2000042', '1000035', '3000000', '1750', '3', '2'),
('800000069', '62000002', '22010 Mambo Rd.', 'Houston', '2000042', '1000034', '3000000', '1000', '3', '2'),
('800000123', '62000002', '2233 Landing St.', 'Houston', '2000042', '1000054', '3000000', '1000', '3', '2'),
('800000056', '62000005', '1420 Heart St.', 'Houston', '2000042', '1000035', '3000000', '1550', '3', '2'),
('800000006', '62000007', '35210 Queen Ln.', 'Houston', '2000042', '1000035', '3000000', '2000', '4', '3'),
('800000008', '62000005', '87200 King St.', 'Houston', '2000042', '1000035', '3000000', '1500', '3', '2'),
('800000113', '62000007', '25400 Mouse St.', 'Houston', '2000042', '1000035', '3000000', '1000', '2', '2'),
('800000111', '62000008', '15402 Complex Ln.', 'Houston', '2000042', '1000035', '3000000', '1850', '4', '2'),
('800000112', '62000005', '36541 Pulley St.', 'Houston', '2000042', '1000060', '3000000', '2000', '4', '3'),
('800000110', '62000007', '6985 Rotor St.', 'Houston', '2000042', '1000035', '3000000', '1800', '3', '2'),
('800000100', '62000007', '15024 West Side St.', 'Houston', '2000042', '1000034', '3000000', '1000', '3', '2'),
('800000109', '62000000', '98500 New St.', 'Houston', '2000042', '1000042', '3000000', '1950', '3', '2'),
('800000108', '62000002', '36595 Brand St.', 'Houston', '2000042', '1000035', '3000000', '1500', '3', '2'),
('800000107', '62000002', '4520 Concha St.', 'Houston', '2000042', '1000035', '3000000', '1000', '3', '2'),
('800000106', '62000007', '3012 La Palmera Dr.', 'Houston', '2000042', '1000035', '3000000', '1800', '3', '2'),
('800000105', '62000003', '7852 Wayside St.', 'Houston', '2000042', '1000035', '3000000', '2350', '4', '3'),
('800000104', '62000001', '98520 Kite St.', 'Houston', '2000042', '1000035', '3000000', '1000', '3', '2'),
('800000103', '62000003', '1500 Map St.', 'Houston', '2000042', '1000034', '3000000', '1560', '3', '2'),
('800000102', '62000007', '65410 Willow St.', 'Houston', '2000042', '1000035', '3000000', '1000', '3', '2'),
('800000101', '62000002', '2233 Trail St.', 'Houston', '2000042', '1000035', '3000000', '1950', '3', '2'),
('800000100', '62000001', '10205 Horn St.', 'Houston', '2000042', '1000035', '3000000', '1500', '3', '2'),
('800000112', '62000000', '22043 Motor Rd.', 'Houston', '2000042', '1000035', '3000000', '1000', '3', '2'),
('800000099', '62000007', '2500 Big St.', 'Houston', '2000042', '1000042', '3000000', '2000', '3', '2'),
('800000006', '62000008', '3546 Little St.', 'Houston', '2000042', '1000054', '3000000', '3000', '4', '3');


INSERT INTO Campaigns VALUES
('January 2015 Newsletter', '2015-01-01'),
('January 2016 Newsletter', '2016-01-01'),
('January 2017 Newsletter', '2017-01-01'),
('January 2018 Newsletter', '2018-01-01'),
('January 2019 Newsletter', '2019-01-01'),
('January 2020 Newsletter', '2020-01-01'),
('January 2021 Newsletter', '2021-01-01'),
('February 2015 Newsletter', '2015-02-01'),
('February 2016 Newsletter', '2016-02-01'),
('February 2017 Newsletter', '2017-02-01'), 
('February 2018 Newsletter', '2018-02-01'),
('February 2019 Newsletter', '2019-02-01'),
('February 2020 Newsletter', '2020-02-01'),
('February 2021 Newsletter', '2020-02-01'),
('March 2015 Newsletter', '2015-03-01'),
('March 2016 Newsletter', '2016-03-01'),
('March 2017 Newsletter', '2017-03-01'),
('March 2018 Newsletter', '2018-03-01'),
('March 2019 Newsletter', '2019-03-01'),
('March 2020 Newsletter', '2020-03-01'),
('March 2021 Newsletter', '2021-03-01'),
('April 2015 Newsletter', '2015-04-01'),
('April 2016 Newsletter', '2016-04-01'),
('April 2017 Newsletter', '2017-04-01'),
('April 2018 Newsletter', '2018-04-01'),
('April 2019 Newsletter', '2019-04-01'),
('April 2020 Newsletter', '2020-04-01'),
('April 2021 Newsletter', '2021-04-01'),
('May 2015 Newsletter', '2015-05-01'),
('May 2016 Newsletter', '2016-05-01'),
('May 2017 Newsletter', '2017-05-01'),
('May 2018 Newsletter', '2018-05-01'),
('May 2019 Newsletter', '2019-05-01'),
('May 2020 Newsletter', '2020-05-01'),
('May 2021 Newsletter', '2021-05-01'),
('June 2015 Newsletter', '2015-06-01'),
('June 2016 Newsletter', '2016-06-01'),
('June 2017 Newsletter', '2017-06-01'),
('June 2018 Newsletter', '2018-06-01'),
('June 2019 Newsletter', '2019-06-01'),
('June 2020 Newsletter', '2020-06-01'),
('June 2021 Newsletter', '2021-06-01'),
('July 2015 Newsletter', '2015-07-01'),
('July 2016 Newsletter', '2016-07-01'),
('July 2017 Newsletter', '2017-07-01'),
('July 2018 Newsletter', '2018-07-01'),
('July 2019 Newsletter', '2019-07-01'),
('July 2020 Newsletter', '2020-07-01'),
('July 2021 Newsletter', '2021-07-01'),
('August 2015 Newsletter', '2015-08-01'),
('August 2016 Newsletter', '2016-08-01'),
('August 2017 Newsletter', '2017-08-01'),
('August 2018 Newsletter', '2018-08-01'),
('August 2019 Newsletter', '2019-08-01'),
('August 2020 Newsletter', '2020-08-01'),
('August 2021 Newsletter', '2021-08-01'),
('September 2015 Newsletter', '2015-09-01'),
('September 2016 Newsletter', '2016-09-01'),
('September 2017 Newsletter', '2017-09-01'),
('September 2018 Newsletter', '2018-09-01'),
('September 2019 Newsletter', '2019-09-01'),
('September 2020 Newsletter', '2020-09-01'),
('September 2021 Newsletter', '2021-09-01'),
('October 2015 Newsletter', '2015-10-01'),
('October 2016 Newsletter', '2016-10-01'),
('October 2017 Newsletter', '2017-10-01'),
('October 2018 Newsletter', '2018-10-01'),
('October 2019 Newsletter', '2019-10-01'),
('October 2020 Newsletter', '2020-10-01'),
('October 2021 Newsletter', '2021-10-01'),
('November 2015 Newsletter', '2015-11-01'),
('November 2016 Newsletter', '2016-11-01'),
('November 2017 Newsletter', '2017-11-01'),
('November 2018 Newsletter', '2018-11-01'),
('November 2019 Newsletter', '2019-11-01'),
('November 2020 Newsletter', '2020-11-01'),
('November 2021 Newsletter', '2021-11-01'),
('December 2015 Newsletter', '2015-12-01'),
('December 2016 Newsletter', '2016-12-01'),
('December 2017 Newsletter', '2017-12-01'),
('December 2018 Newsletter', '2018-12-01'),
('December 2019 Newsletter', '2019-12-01'),
('December 2020 Newsletter', '2020-12-01'),
('December 2021 Newsletter', '2021-12-01'),
('Exclusive Deals!', '2015-12-20'),
('Website Maintenance', '2016-03-10'),
('New Properties!', '2017-05-15'),
('Winter Storm Update', '2021-02-15'),
('How are we doing?', '2018-04-25'),
('Tips and Tricks', '2019-10-09'),
('Damages and what to do', '2021-03-10'),
('New Technology Homes', '2020-07-14'),
('How to get started', '2016-08-24'),
('How to find your forever home', '2017-11-25'),
('Company Updates!', '2018-12-10'),
('Leave a review', '2021-01-20'),
('Open House Surprise!', '2015-04-17'),
('Step by Step Guide', '2021-03-12'),
('Special features!', '2019-02-14');

INSERT INTO MarketingPlans
VALUES
('900000044', '700000009', '8570075', '2020-11-13', 'Youtube', 'Video', 'Educate potential clients about property details'),
('900000046', '700000017', '8570022', '2016-04-11', 'Youtube', 'Video', 'Educate potential clients about property details'),
('900000087', '700000021', '8570018', '2019-03-21', 'Facebook', 'Post', 'Recruit new clientale'),
('900000095', '700000036', '8570006', '2021-01-07', 'Twitter', 'Post', 'Recruit new clientale'),
('900000063', '700000040', '8570079', '2017-12-03', 'Twitter', 'Post', 'Recruit new clientale'),
('900000088', '700000041', '8570045', '2018-07-14', 'Instagram', 'Images', 'Highlight property features and amenities to interest potential clients'),
('900000058', '700000042', '8570068', '2020-10-02', 'Facebook', 'Post', 'Recruit new clientale'),
('900000082', '700000043', '8570020', '2021-03-03', 'Instagram', 'Images', 'Highlight property features and amenities to interest potential clients'),
('900000037', '700000045', '8570028', '2015-05-12', 'Youtube', 'Video', 'Educate potential clients about property details'),
('900000019', '700000047', '8570054', '2020-08-20', 'Facebook', 'Post', 'Recruit new clientale'),
('900000005', '700000050', '8570077', '2015-12-22', 'Facebook', 'Post', 'Recruit new clientale'),
('900000002', '700000051', '8570060', '2019-09-15', 'Zillow', 'Property Listing', 'Provide clients with virtual tour access and property details'),
('900000041', '700000053', '8570013', '2021-02-20', 'Twitter', 'Post', 'Recruit new clientale'),
('900000096', '700000056', '8570002', '2017-01-18', 'Zillow', 'Property Listing', 'Provide clients with virtual tour access and property details'),
('900000069', '700000060', '8570038', '2018-06-12', 'Youtube', 'Video', 'Educate potential clients about property details'),
('900000052', '700000061', '8570048', '2015-08-25', 'Instagram', 'Images', 'Highlight property features and amenities to interest potential clients'),
('900000017', '700000062', '8570081', '2019-12-09', 'Instagram', 'Images', 'Highlight property features and amenities to interest potential clients'),
('900000022', '700000067', '8570010', '2018-02-15', 'Zillow', 'Property Listing', 'Provide clients with virtual tour access and property details'),
('900000039', '700000070', '8570047', '2020-07-11', 'Facebook', 'Post', 'Recruit new clientale'),
('900000042', '700000071', '8570067', '2019-10-01', 'Facebook', 'Post', 'Recruit new clientale'),
('900000072', '700000072', '8570005', '2020-01-21', 'Youtube', 'Video', 'Educate potential clients about property details'),
('900000079', '700000074', '8570059', '2018-09-09', 'Billboard', 'Sign', 'Advertise property'),
('900000098', '700000079', '8570017', '2018-03-24', 'Twitter', 'Post', 'Recruit new clientale'),
('900000100', '700000083', '8570046', '2019-07-21', 'Twitter', 'Post', 'Recruit new clientale'),
('900000101', '700000089', '8570082', '2020-12-01', 'Billboard', 'Sign', 'Advertise property'),
('900000093', '700000095', '8570006', '2021-01-18', 'Zillow', 'Property Listing', 'Provide clients with virtual tour access and property details'),
('900000062', '700000096', '8570020', '2021-03-20', 'Facebook', 'Post', 'Recruit new clientale'),
('900000023', '700000097', '8570033', '2020-05-08', 'Instagram', 'Images', 'Highlight property features and amenities to interest potential clients'),
('900000025', '700000098', '8570067', '2019-10-03', 'Facebook', 'Post', 'Recruit new clientale'),
('900000028', '700000100', '8570038', '2018-06-09', 'Youtube', 'Video', 'Educate potential clients about property details'),
('900000040', '700000101', '8570082', '2020-12-05', 'Zillow', 'Property Listing', 'Provide clients with virtual tour access and property details'),
('900000066', '700000102', '8570004', '2019-01-02', 'Youtube', 'Video', 'Educate potential clients about property details'),
('900000074', '700000103', '8570067', '2019-10-22', 'Open House', 'In-person', 'Provide in-person tours to potential clients'),
('900000078', '700000109', '8570013', '2021-02-18', 'Open House', 'In-person', 'Provide in-person tours to potential clients'),
('900000010', '700000110', '8570020', '2021-03-13', 'Instagram', 'Images', 'Highlight property features and amenities to interest potential clients'),
('900000020', '700000111', '8570047', '2020-07-21', 'Twitter', 'Post', 'Recruit new clientale'),
('900000033', '700000112', '8570079', '2017-12-01', 'Open House', 'In-person', 'Provide in-person tours to potential clients'),
('900000038', '700000113', '8570075', '2020-11-08', 'Facebook', 'Post', 'Recruit new clientale'),
('900000077', '700000114', '8570050', '2016-08-19', 'Open House', 'In-person', 'Provide in-person tours to potential clients'),
('900000071', '700000115', '8570082', '2020-12-12', 'Twitter', 'Post', 'Recruit new clientale');

INSERT INTO OpenHouses
Values
('900000000', '13:00:00', '2020-07-23', '700000009'),
('900000001', '10:00:00', '2020-06-23', '700000017'),
('900000002', '11:00:00', '2020-04-16', '700000021'),
('900000003', '14:30:00', '2021-03-08', '700000009'),
('900000004', '10:30:00', '2020-07-03', '700000036'),
('900000005', '13:00:00', '2020-08-14', '700000040'),
('900000006', '10:00:00', '2019-09-24', '700000041'),
('900000007', '13:30:00', '2020-11-09', '700000042'),
('900000008', '09:30:00', '2020-06-19', '700000040'),
('900000009', '14:00:00', '2019-04-22', '700000021'),
('900000010', '10:00:00', '2020-05-29', '700000009'),
('900000011', '11:00:00', '2019-07-30', '700000043'),
('900000012', '13:00:00', '2020-11-12', '700000045'),
('900000013', '13:00:00', '2020-08-07', '700000041'),
('900000014', '08:00:00', '2020-06-04', '700000047'),
('900000015', '16:00:00', '2020-03-15', '700000050'),
('900000016', '10:30:00', '2020-01-03', '700000051'),
('900000017', '12:00:00', '2020-05-24', '700000045'),
('900000018', '09:30:00', '2020-06-22', '700000017'),
('900000019', '11:00:00', '2020-03-23', '700000056'),
('900000020', '10:00:00', '2020-05-25', '700000053'),
('900000021', '13:30:00', '2020-09-01', '700000097'),
('900000022', '13:00:00', '2020-10-05', '700000089'),
('900000023', '13:30:00', '2020-12-06', '700000074'),
('900000024', '10:00:00', '2020-11-14', '700000060'),
('900000025', '14:00:00', '2020-06-19', '700000062'),
('900000026', '14:30:00', '2020-08-18', '700000072'),
('900000027', '13:00:00', '2020-09-02', '700000079'),
('900000028', '16:00:00', '2020-07-12', '700000089'),
('900000029', '16:00:00', '2021-03-16', '700000083'),
('900000030', '10:30:00', '2019-12-17', '700000095'),
('900000031', '13:30:00', '2021-01-05', '700000098'),
('900000032', '10:00:00', '2019-12-27', '700000103'),
('900000033', '13:00:00', '2020-04-25', '700000112'),
('900000034', '13:00:00', '2021-02-23', '700000110'),
('900000035', '12:00:00', '2021-02-19', '700000109'),
('900000036', '08:00:00', '2020-03-10', '700000115'),
('900000037', '13:30:00', '2020-05-11', '700000040'),
('900000038', '15:00:00', '2020-07-12', '700000017'),
('900000039', '10:00:00', '2020-03-16', '700000041'),
('900000040', '11:00:00', '2020-08-17', '700000047'),
('900000041', '16:00:00', '2020-11-23', '700000045'),
('900000042', '13:00:00', '2020-11-27', '700000060'),
('900000043', '12:00:00', '2020-10-19', '700000056'),
('900000044', '10:30:00', '2020-08-09', '700000050'),
('900000045', '08:00:00', '2020-05-01', '700000047'),
('900000046', '10:00:00', '2020-06-03', '700000110'),
('900000047', '14:00:00', '2020-03-05', '700000101'),
('900000048', '13:00:00', '2020-05-06', '700000047'),
('900000049', '13:00:00', '2020-06-17', '700000096'),
('900000050', '11:00:00', '2020-07-15', '700000083'),
('900000051', '12:00:00', '2021-02-12', '700000071'),
('900000052', '14:00:00', '2020-08-12', '700000070'),
('900000053', '12:00:00', '2020-04-11', '700000061'),
('900000054', '10:00:00', '2019-10-10', '700000061'),
('900000055', '15:00:00', '2019-11-25', '700000045'),
('900000056', '09:30:00', '2021-02-22', '700000042'),
('900000057', '09:30:00', '2020-05-23', '700000021'),
('900000058', '14:30:00', '2020-08-19', '700000113'),
('900000059', '13:30:00', '2019-10-08', '700000115'),
('900000060', '13:00:00', '2020-03-07', '700000050'),
('900000061', '12:00:00', '2021-02-23', '700000047'),
('900000062', '14:00:00', '2020-04-12', '700000043'),
('900000063', '10:00:00', '2020-06-09', '700000053'),
('900000064', '16:00:00', '2020-07-07', '700000062'),
('900000065', '10:00:00', '2020-10-12', '700000070'),
('900000066', '08:00:00', '2020-02-14', '700000071'),
('900000067', '12:00:00', '2021-06-15', '700000072'),
('900000068', '13:00:00', '2019-09-16', '700000036'),
('900000069', '10:00:00', '2021-07-11', '700000040'),
('900000070', '09:30:00', '2020-06-19', '700000042'),
('900000071', '13:30:00', '2020-05-23', '700000040'),
('900000072', '11:00:00', '2021-03-26', '700000036'),
('900000073', '13:00:00', '2019-11-21', '700000017'),
('900000074', '10:30:00', '2019-12-22', '700000009'),
('900000075', '14:00:00', '2019-10-29', '700000097'),
('900000076', '14:00:00', '2020-07-09', '700000089'),
('900000077', '10:00:00', '2021-03-07', '700000102'),
('900000078', '09:30:00', '2020-07-93', '700000110'),
('900000079', '15:00:00', '2020-03-08', '700000112'),
('900000080', '09:30:00', '2020-04-12', '700000097'),
('900000081', '12:00:00', '2020-10-25', '700000100'),
('900000082', '15:00:00', '2020-01-16', '700000067'),
('900000083', '11:00:00', '2021-02-12', '700000071'),
('900000084', '13:00:00', '2020-10-19', '700000061'),
('900000085', '13:30:00', '2020-07-10', '700000053'),
('900000086', '14:30:00', '2020-05-11', '700000051'),
('900000087', '13:00:00', '2020-03-22', '700000060'),
('900000088', '10:30:00', '2020-06-20', '700000074'),
('900000089', '16:00:00', '2020-08-29', '700000074'),
('900000090', '14:00:00', '2020-10-11', '700000089'),
('900000091', '13:00:00', '2021-02-06', '700000085'),
('900000092', '10:00:00', '2020-05-05', '700000055'),
('900000093', '08:00:00', '2020-10-04', '700000097'),
('900000094', '09:30:00', '2020-09-06', '700000097'),
('900000095', '13:00:00', '2020-03-12', '700000100'),
('900000096', '15:00:00', '2020-05-14', '700000096'),
('900000097', '13:00:00', '2020-06-15', '700000067'),
('900000098', '10:00:00', '2020-08-17', '700000070'),
('900000099', '08:00:00', '2020-09-15', '700000102'),
('900000100', '13:00:00', '2021-02-16', '700000021');

INSERT INTO ListingStatus VALUES
('Active'),
('Withdrawn'),
('Terminated'),
('Coming soon'),
('Option pending'),
('Sold'),
('Leased');

INSERT INTO SaleListings VALUES 
('900000062', '6950000', '320000.00', '2004', '0', '2021-01-04'), 
('900000063', '6950005', '520000.00', '2001', '0', '2020-12-15'), 
('900000064', '6950005', '320000.00', '2005', '0', '2020-11-29'), 
('900000065', '6950002', '120000.00', '1999', '0',  '2019-08-11'), 
('900000066', '6950000', '420000.00', '2014', '0', '2019-09-25'), 
('900000067', '6950000', '220000.00', '1980', '0', '2020-10-30'), 
('900000068', '6950005', '330000.00', '2004', '0', '2020-12-30'), 
('900000069', '6950002', '290000.00', '2014', '0', '2021-01-15'), 
('900000070', '6950003', '330000.00', '2012', '0', '2021-02-08'), 
('900000071', '6950004', '520000.00', '2004', '0', '2021-02-14'), 
('900000072', '6950005', '320000.00', '2019', '0', '2020-12-16'), 
('900000073', '6950005', '110000.00', '2016', '0', '2019-10-25'), 
('900000074', '6950004', '882000.00', '2019', '1', '2020-11-19'), 
('900000075', '6950000', '992000.00', '2004', '1',  '2020-09-09'), 
('900000076', '6950000', '438000.00', '2007', '0',  '2021-01-30'), 
('900000077', '6950004', '320000.00', '2004', '0', '2020-10-31'), 
('900000078', '6950000', '520000.00', '2015', '0', '2020-07-05'), 
('900000079', '6950004', '229000.00', '2004', '0', '2021-02-01'),
('900000080', '6950000', '220000.00', '2003', '0', '2021-03-01'), 
('900000081', '6950005', '320000.00', '2014', '0', '2020-06-02'),
('900000082', '6950000', '320000.00', '2004', '0',  '2020-05-15'), 
('900000083', '6950005', '420000.00', '2001', '0', '2019-09-30'), 
('900000084', '6950005', '340000.00', '2005', '0',  '2019-08-05'), 
('900000085', '6950002', '920000.00', '1999', '1',  '2020-08-19'), 
('900000086', '6950001', '420000.00', '2014', '0',  '2020-03-20'), 
('900000087', '6950004', '820000.00', '1980', '1',  '2020-11-05'), 
('900000088', '6950005', '320000.00', '2004', '0', '2019-12-07'), 
('900000089', '6950005', '270000.00', '2014', '0',  '2021-02-03'), 
('900000090', '6950000', '330000.00', '2012', '0', '2020-04-20'), 
('900000091', '6950000', '520000.00', '2004', '0', '2020-10-08'), 
('900000092', '6950005', '320000.00', '2019', '0', '2020-10-28'), 
('900000093', '6950005', '310000.00', '2004', '0', '2020-11-06'), 
('900000094', '6950004', '882000.00', '2019', '1', '2019-10-09'), 
('900000095', '6950005', '254000.00', '2005', '0', '2019-07-04'), 
('900000096', '6950000', '222000.00', '2006', '0', '2020-05-30'), 
('900000097', '6950003', '3440000.00', '2002', '1', '2020-06-21'), 
('900000098', '6950005', '620000.00', '2004', '0', '2019-08-22'), 
('900000099', '6950004', '560000.00', '2012', '0',  '2021-03-02'),
('900000100', '6950005', '570000.00', '2004', '0', '2020-09-29'), 
('900000101', '6950000', '720000.00', '2009', '0', '2021-03-03'),
('900000103', '6950005', '880000.00', '2002', 0, '01-03-2021'),
('900000104', '6950005', '430000.00', '2002', 1, '03-04-2021'),
('900000105', '6950005', '620000.00', '2019', 0, '01-02-2021'),
('900000106', '6950005', '810000.00', '2002', 0, '03-05-2020'),
('900000107', '6950005', '660000.00', '2001', 0, '01-04-2020'),
('900000108', '6950005', '80000.00', '2002', 1, '09-04-2020'),
('900000109', '6950005', '60000.00', '2012', 0, '08-14-2020'),
('900000110', '6950005', '190000.00', '1999', 1, '05-22-2020'),
('900000111', '6950005', '330000.00', '2009', 0, '03-07-2021'),
('900000113', '6950005', '199000.00', '2002', 1, '01-03-2020'),
('900000114', '6950005', '260000.00', '2005', 0,  '08-14-2019'),
('900000115', '6950005', '320000.00', '2011', 0, '02-04-2019'),
('900000116', '6950005', '110000.00', '1991', 0, '03-12-2019'),
('900000117', '6950005', '330000.00', '2009', 1, '01-04-2020'),
('900000118', '6950005', '220000.00', '2016', 1, '03-28-2019'),
('900000119', '6950005', '360000.00', '2007', 0, '03-22-2019'), 
('900000120', '6950005', '360000.00', '2011', 0, '03-24-2018'),
('900000121', '6950005', '620000.00', '2019', 0, '01-13-2021'),
('900000123', '6950005', '550000.00', '2015', 1, '11-11-2020'),
('900000124', '6950005', '980000.00', '2012', 1, '01-04-2019'),
('900000125', '6950005', '230000.00', '2011', 0, '03-05-2019'),
('900000127', '6950005', '290000.00', '2003', 1, '02-14-2020'),
('900000129', '6950005', '128000.00', '2009', 0,'07-03-2019'),
('900000130', '6950005', '360000.00', '2019', 0,'09-21-2020'),
('900000131', '6950005', '2000000.00', '2009', 0, '09-12-2020'),
('900000132', '6950005', '110000.00', '2009', 0, '01-04-2019'),
('900000133', '6950005', '320000.00', '2011', 0, '03-18-2020'),
('900000134', '6950005', '160000.00', '2001', 1, '01-04-2019'),
('900000135', '6950005', '860000.00', '2019', 1,'01-15-2021'),
('900000136', '6950005', '430000.00', '2001', 0, '01-04-2019'),
('900000137', '6950005', '760000.00', '2020', 0, '03-11-2020'),
('900000138', '6950005', '160000.00', '2009', 0, '12-26-2019'),
('900000139', '6950005', '320000.00', '1998', 1, '01-04-2019'),
('900000140', '6950005', '440000.00', '2009', 0, '11-19-2020'),
('900000141', '6950005', '330000.00', '2007', 0, '03-14-2019'),
('900000143', '6950005', '220000.00', '2009', 1, '06-24-2019'),
('900000144', '6950005', '983000.00', '2021', 0, '03-04-2021'),
('900000145', '6950005', '450000.00', '2009', 0, '01-23-2021'),
('900000146', '6950005', '2660000.00', '2021', 1,'01-01-2021'),
('900000147', '6950005', '60000.00', '1983', 0, '09-19-2020'),
('900000148', '6950005', '630000.00', '2009', 0, '01-07-2019'),
('900000149', '6950005', '210000.00', '2011', 1, '04-26-2020'),
('900000150', '6950005', '520000.00', '2009', 0, '07-18-2019'),
('900000152', '6950005', '460000.00', '2012', 1, '07-08-2021'),
('900000153', '6950005', '620000.00', '2018', 0, '03-14-2019'),
('900000154', '6950005', '360000.00', '2001', 0, '02-23-2021'),
('900000155', '6950005', '160000.00', '2009', 0, '01-15-2019'),
('900000156', '6950005', '680000.00', '2006', 0, '01-18-2020'),
('900000158', '6950005', '330000.00', '2003', 0, '08-04-2020'),
('900000159', '6950005', '360000.00', '2009', 1, '01-21-2019'),
('900000160', '6950005', '390000.00', '2010', 0, '08-04-2020'),
('900000161', '6950005', '3860000.00', '2021', 0, '12-04-2020'),
('900000162', '6950005', '260000.00', '2016', 0, '05-28-2020'),
('900000164', '6950005', '110000.00', '2016', 0, '03-22-2020'),
('900000165', '6950005', '260000.00', '2012', 0, '02-25-2020'),
('900000167', '6950005', '560000.00', '2011', 0, '01-24-2020'),
('900000168', '6950005', '360000.00', '2014', 0, '09-04-2020'),
('900000170', '6950005', '880000.00', '2019', 1, '02-24-2020'),
('900000171', '6950005', '260000.00', '2011', 0,  '01-18-2020'),
('900000172', '6950005', '340000.00', '2007', 1, '01-17-2020'),
('900000173', '6950005', '240000.00', '2002', 0,'03-12-2020'),
('900000174', '6950005', '170000.00', '1997', 1, '05-19-2020'),
('900000175', '6950005', '450000.00', '1999', 0, '05-24-2020'),
('900000176', '6950005', '860000.00', '1988', 0, '01-12-2020'),
('900000177', '6950005', '540000.00', '2000', 1, '05-10-2020'),
('900000178', '6950005', '726000.00', '2001', 0, '11-19-2020'),
('900000179', '6950005', '125000.00', '2018', 0, '12-11-2020'),
('900000180', '6950005', '622000.00', '2001', 0, '12-22-2020'),
('900000182', '6950005', '998000.00', '2008', 1, '11-19-2020'),
('900000183', '6950005', '611000.00', '2009', 0, '09-17-2020'),
('900000184', '6950005', '512000.00', '2002', 0, '04-15-2020'),
('900000185', '6950005', '228000.00', '2003', 1, '01-12-2020'),
('900000186', '6950005', '220000.00', '2011', 0, '09-19-2020'),
('900000187', '6950005', '390000.00', '2019', 1, '07-18-2020'),
('900000189', '6950005', '622000.00', '2010', 0, '06-11-2020'),
('900000190', '6950005', '860000.00', '2008', 0, '05-01-2020'),
('900000192', '6950005', '1160000.00', '2007', 1, '01-04-2020'),
('900000193', '6950005', '260000.00', '2005', 0, '11-16-2020'),
('900000195', '6950005', '111000.00', '2002', 1,'12-03-2020'),
('900000197', '6950005', '660000.00', '2009', 0, '01-04-2020');

INSERT INTO LeaseListings VALUES 
('900000000', '6950000', 'Washer', '1', '1', '1', '25', '950.00', '2020-02-15'),
('900000001', '6950000', 'Washer', '1', '1', '1', '50', '750.00', '2019-04-05'),
('900000002', '6950004', 'Washer & Dryer ', '0', '1', '1', '50', '1200.00', '2020-03-12'), 
('900000003', '6950000', 'Washer', '1', '1', '1', '30', '975.00', '2021-02-14'), 
('900000004', '6950006', 'Washer', '0', '1', '0', '25', '2500.00', '2019-01-25'), 
('900000005', '6950000', 'None', '1', '1', '0', '40', '1550.00', '2020-03-05'),
('900000006', '6950000', 'None', '1', '1', '0', '45', '1650.00', '2020-08-29'),
('900000007', '6950002', 'Washer', '1', '1', '1', '100', '825.00', '2019-02-04'), 
('900000008', '6950001', 'Washer', '1', '1', '0', '80', '950.00', '2020-08-05'), 
('900000009', '6950000', 'Washer', '1', '1', '1', '50', '1375.00', '2020-07-01'), 
('900000010', '6950002', 'Washer & Dryer ', '0', '1', '1', '25', '1800.00', '2019-06-30'), 
('900000011', '6950000', 'Washer & Dryer ', '1', '1', '1', '30', '1500.00', '2021-01-10'), 
('900000012', '6950002', 'Washer', '1', '1', '0', '50', '1250.00', '2019-11-18'), 
('900000013', '6950000', 'Washer', '1', '0', '1', '80', '1000.00', '2021-02-20'), 
('900000014', '6950000', 'None', '1', '1', '1', '75', '980.00', '2020-10-30'), 
('900000015', '6950000', 'Washer', '1', '1', '1', '45', '1180.00', '2020-08-15'), 
('900000016', '6950006', 'Washer & Dryer ', '1', '1', '1', '50', '875.00', '2020-09-30'),
('900000017', '6950000', 'Washer', '1', '1', '1', '100', '890.00', '2019-10-15'), 
('900000018', '6950000', 'Washer', '1', '1', '1', '25', '1600.00', '2020-12-14'), 
('900000019', '6950000', 'Washer & Dryer', '1', '0', '1', '50', '1400.00', '2020-03-13'), 
('900000020', '6950000', 'Washer & Dryer', '1', '0', '1', '80', '1200.00', '2019-06-14'), 
('900000021', '6950004', 'Washer & Dryer', '1', '1', '1', '100', '1550.00', '2019-08-19'), 
('900000022', '6950002', 'Washer', '0', '1', '1', '15', '900.00', '2020-07-28'), 
('900000023', '6950006', 'Washer & Dryer', '0', '1', '1', '40', '1280.00', '2019-09-15'), 
('900000024', '6950003', 'Washer & Dryer', '1', '1', '1', '50', '2500.00', '2020-04-14'), 
('900000025', '6950004', 'Washer', '1', '1', '1', '80', '1350.00', '2020-05-28'), 
('900000026', '6950002', 'Washer', '1', '1', '1', '25', '1300.00', '2020-09-15'), 
('900000027', '6950006', 'Washer & Dryer', '1', '1', '1', '100', '2100.00', '2020-06-30'), 
('900000028', '6950006', 'Washer', '1', '1', '1', '80', '1400.00', '2019-03-25'), 
('900000029', '6950006', 'Washer', '1', '1', '1', '60', '1200.00', '2019-12-04'), 
('900000030', '6950000', 'Washer & Dryer', '1', '1', '1', '30', '2400.00', '2019-03-22'), 
('900000031', '6950000', 'Washer & Dryer', '1', '1', '0', '20', '2200.00', '2020-12-20'), 
('900000032', '6950002', 'Washer', '0', '1', '1', '50', '1450.00', '2019-08-03'), 
('900000033', '6950004', 'None', '0', '1', '1', '100', '1500.00', '2020-11-14'), 
('900000034', '6950002', 'None', '1', '0', '1', '90', '1100.00', '2019-11-26'),
('900000035', '6950002', 'Washer', '1', '1', '0', '75', '2575.00', '2019-09-30'), 
('900000036', '6950006', 'Washer', '1', '1', '0', '50', '2000.00', '2021-01-16'), 
('900000037', '6950002', 'None', '1', '1', '0', '45', '1450.00', '2020-02-11'), 
('900000038', '6950001', 'Washer', '1', '1', '0', '30', '1200.00', '2020-06-20'), 
('900000039', '6950006', 'None', '1', '1', '0', '15', '750.00', '2019-12-15'), 
('900000040', '6950000', 'Washer', '1', '1', '0', '20', '2100.00', '2020-10-30'), 
('900000041', '6950002', 'Washer', '0', '1', '1', '30', '2350.00', '2020-11-30'), 
('900000042', '6950004', 'None', '0', '1', '0', '75', '1575.00', '2020-12-08'), 
('900000043', '6950002', 'None', '1', '1', '1', '80', '1175.00', '2019-07-30'),
('900000044', '6950004', 'Washer', '0', '1', '1', '100', '1000.00', '2020-03-12'), 
('900000045', '6950000', 'None', '1', '1', '1', '60', '980.00', '2021-02-25'), 
('900000046', '6950002', 'Washer', '0', '1', '0', '75', '1900.00', '2020-04-28'), 
('900000047', '6950000', 'Washer', '1', '1', '0', '100', '2250.00', '2019-12-16'), 
('900000048', '6950002', 'None', '1', '1', '1', '45', '1250.00', '2020-08-17'), 
('900000049', '6950001', 'None', '1', '1', '0', '60', '1200.00', '2020-02-19'), 
('900000050', '6950000', 'Washer', '1', '1', '1', '20', '700.00', '2019-04-12'), 
('900000051', '6950002', 'Washer & Dryer', '0', '1', '1', '40', '2175.00', '2020-04-18'), 
('900000052', '6950006', 'Washer', '1', '1', '1', '50', '1725.00', '2019-05-29'), 
('900000053', '6950000', 'Washer & Dryer', '1', '1', '1', '70', '1825.00', '2021-01-01'),
('900000054', '6950004', 'Washer', '1', '0', '1', '80', '1025.00', '2021-01-16'), 
('900000055', '6950000', 'Washer & Dryer', '1', '1', '1', '90', '1385.00', '2021-02-28'), 
('900000056', '6950002', 'Washer', '1', '0', '0', '20', '1425.00', '2020-11-17'), 
('900000057', '6950000', 'Washer & Dryer', '1', '1', '0',  '15', '1000.00', '2020-07-30'), 
('900000058', '6950002', 'Washer', '1', '1', '1', '30', '980.00', '2019-11-29'), 
('900000059', '6950001', 'Washer & Dryer', '1', '1', '0', '50', '1200.00', '2020-12-30'), 
('900000060', '6950000', 'Washer', '1', '1', '1', '45', '1850.00', '2020-11-18'), 
('900000061', '6950002', 'Washer & Dryer', '1', '0', '1', '60', '2475.00', '2021-03-01'),
('900000063', '6950006', 'Washer', '1', '1', '1', '25', '950.00', '2020-02-15'),
('900000064', '6950006', 'Washer', '1', '1', '1', '50', '750.00', '2019-04-05'),
('900000065', '6950006', 'Washer & Dryer', '0', '1', '1', '50', '1200.00', '2020-03-12'), 
('900000066', '6950006', 'Washer', '1', '1', '1', '30', '975.00', '2021-02-14'), 
('900000067', '6950006', 'Washer', '0', '1', '0', '25', '2500.00', '2019-01-25'), 
('900000068', '6950006', 'None', '1', '1', '0', '40', '1550.00', '2020-03-05'),
('900000069', '6950006', 'None', '1', '1', '0', '45', '1650.00', '2020-08-29'),
('900000070', '6950006', 'Washer', '1', '1', '1', '100', '825.00', '2019-02-04'), 
('900000071', '6950006', 'Washer', '1', '1', '0', '80', '950.00', '2020-08-05'), 
('900000072', '6950006', 'Washer', '1', '1', '1', '50', '1375.00', '2020-07-01'), 
('900000073', '6950006', 'Washer & Dryer ', '0', '1', '1', '25', '1800.00', '2019-06-30'), 
('900000074', '6950006', 'Washer & Dryer ', '1', '1', '1', '30', '1500.00', '2021-01-10'), 
('900000075', '6950006', 'Washer', '1', '1', '0', '50', '1250.00', '2019-11-18'), 
('900000076', '6950006', 'Washer', '1', '0', '1', '80', '1000.00', '2021-02-20'), 
('900000077', '6950006', 'None', '1', '1', '1', '75', '980.00', '2020-10-30'), 
('900000078', '6950006', 'Washer', '1', '1', '1', '45', '1180.00', '2020-08-15'), 
('900000079', '6950006', 'Washer & Dryer ', '1', '1', '1', '50', '875.00', '2020-09-30'),
('900000080', '6950006', 'Washer', '1', '1', '1', '100', '890.00', '2019-10-15'), 
('900000081', '6950006', 'Washer', '1', '1', '1', '25', '1600.00', '2020-12-14'), 
('900000082', '6950006', 'Washer & Dryer', '1', '0', '1', '50', '1400.00', '2020-03-13'), 
('900000083', '6950006', 'Washer & Dryer', '1', '0', '1', '80', '1200.00', '2019-06-14'), 
('900000084', '6950006', 'Washer & Dryer', '1', '1', '1', '100', '1550.00', '2019-08-19'), 
('900000085', '6950006', 'Washer', '0', '1', '1', '15', '900.00', '2020-07-28'), 
('900000086', '6950006', 'Washer & Dryer', '0', '1', '1', '40', '1280.00', '2019-09-15'), 
('900000087', '6950006', 'Washer & Dryer', '1', '1', '1', '50', '2500.00', '2020-04-14'), 
('900000088', '6950006', 'Washer', '1', '1', '1', '80', '1350.00', '2020-05-28'), 
('900000089', '6950006', 'Washer', '1', '1', '1', '25', '1300.00', '2020-09-15'), 
('900000090', '6950006', 'Washer & Dryer', '1', '1', '1', '100', '2100.00', '2020-06-30'), 
('900000091', '6950006', 'Washer', '1', '1', '1', '80', '1400.00', '2019-03-25'), 
('900000092', '6950006', 'Washer', '1', '1', '1', '60', '1200.00', '2019-12-04'), 
('900000093', '6950006', 'Washer & Dryer', '1', '1', '1', '30', '2400.00', '2019-03-22'), 
('900000094', '6950006', 'Washer & Dryer', '1', '1', '0', '20', '2200.00', '2020-12-20'), 
('900000095', '6950006', 'Washer', '0', '1', '1', '50', '1450.00', '2019-08-03'), 
('900000096', '6950006', 'None', '0', '1', '1', '100', '1500.00', '2020-11-14'), 
('900000097', '6950006', 'None', '1', '0', '1', '90', '1100.00', '2019-11-26'),
('900000098', '6950006', 'Washer', '1', '1', '0', '75', '2575.00', '2019-09-30'), 
('900000099', '6950006', 'Washer', '1', '1', '0', '50', '2000.00', '2021-01-16'), 
('900000100', '6950006', 'None', '1', '1', '0', '45', '1450.00', '2020-02-11'), 
('900000101', '6950006', 'Washer', '1', '1', '0', '30', '1200.00', '2020-06-20'), 
('900000102', '6950006', 'None', '1', '1', '0', '15', '750.00', '2019-12-15'), 
('900000103', '6950006', 'Washer', '1', '1', '0', '20', '2100.00', '2020-10-30'), 
('900000104', '6950006', 'Washer', '0', '1', '1', '30', '2350.00', '2020-11-30'), 
('900000105', '6950006', 'None', '0', '1', '0', '75', '1575.00', '2020-12-08'), 
('900000106', '6950006', 'None', '1', '1', '1', '80', '1175.00', '2019-07-30'),
('900000107', '6950006', 'Washer', '0', '1', '1', '100', '1000.00', '2020-03-12'), 
('900000108', '6950006', 'None', '1', '1', '1', '60', '980.00', '2021-02-25'), 
('900000109', '6950006', 'Washer', '0', '1', '0', '75', '1900.00', '2020-04-28'), 
('900000110', '6950006', 'Washer', '1', '1', '0', '100', '2250.00', '2019-12-16'), 
('900000111', '6950006', 'None', '1', '1', '1', '45', '1250.00', '2020-08-17'), 
('900000112', '6950006', 'None', '1', '1', '0', '60', '1200.00', '2020-02-19'), 
('900000113', '6950006', 'Washer', '1', '1', '1', '20', '700.00', '2019-04-12'), 
('900000114', '6950006', 'Washer & Dryer', '0', '1', '1', '40', '2175.00', '2020-04-18'), 
('900000115', '6950006', 'Washer', '1', '1', '1', '50', '1725.00', '2019-05-29'), 
('900000116', '6950006', 'Washer & Dryer', '1', '1', '1', '70', '1825.00', '2021-01-01'),
('900000117', '6950006', 'Washer', '1', '0', '1', '80', '1025.00', '2021-01-16'), 
('900000118', '6950006', 'Washer & Dryer', '1', '1', '1', '90', '1385.00', '2021-02-28'), 
('900000119', '6950006', 'Washer', '1', '0', '0', '20', '1425.00', '2020-11-17'), 
('900000120', '6950006', 'Washer & Dryer', '1', '1', '0',  '15', '1000.00', '2020-07-30'), 
('900000121', '6950006', 'Washer', '1', '1', '1', '30', '980.00', '2019-11-29'), 
('900000122', '6950006', 'Washer & Dryer', '1', '1', '0', '50', '1200.00', '2020-12-30'), 
('900000123', '6950006', 'Washer', '1', '1', '1', '45', '1850.00', '2020-11-18'), 
('900000124', '6950006', 'Washer & Dryer', '1', '0', '1', '60', '2475.00', '2021-03-01'), 
('900000125', '6950006', 'Washer', '1', '1', '1', '100', '1775.00', '2019-12-27'),
('900000126', '6950006', 'Washer', '0', '1', '1', '100', '1000.00', '2020-03-12'), 
('900000127', '6950006', 'None', '1', '1', '1', '60', '980.00', '2021-02-25'), 
('900000128', '6950006', 'Washer', '0', '1', '0', '75', '1900.00', '2020-04-28'), 
('900000129', '6950006', 'Washer', '1', '1', '0', '100', '2250.00', '2019-12-16'), 
('900000130', '6950006', 'None', '1', '1', '1', '45', '1250.00', '2020-08-17'), 
('900000131', '6950006', 'None', '1', '1', '0', '60', '1200.00', '2020-02-19'), 
('900000132', '6950006', 'Washer', '1', '1', '1', '20', '700.00', '2019-04-12'), 
('900000133', '6950006', 'Washer & Dryer', '0', '1', '1', '40', '2175.00', '2020-04-18'), 
('900000134', '6950006', 'Washer', '0', '1', '1', '100', '1000.00', '2020-03-12'), 
('900000135', '6950006', 'None', '1', '1', '1', '60', '980.00', '2021-02-25'), 
('900000136', '6950006', 'Washer', '0', '1', '0', '75', '1900.00', '2020-04-28'), 
('900000137', '6950006', 'Washer', '1', '1', '0', '100', '2250.00', '2019-12-16'), 
('900000138', '6950006', 'None', '1', '1', '1', '45', '1250.00', '2020-08-17'), 
('900000139', '6950006', 'None', '1', '1', '0', '60', '1200.00', '2020-02-19'), 
('900000140', '6950006', 'Washer', '1', '1', '1', '20', '700.00', '2019-04-12'), 
('900000141', '6950006', 'Washer & Dryer', '0', '1', '1', '40', '2175.00', '2020-04-18'), 
('900000142', '6950006', 'Washer', '0', '1', '1', '100', '1000.00', '2020-03-12'), 
('900000143', '6950006', 'None', '1', '1', '1', '60', '980.00', '2021-02-25'), 
('900000144', '6950006', 'Washer', '0', '1', '0', '75', '1900.00', '2020-04-28'), 
('900000145', '6950006', 'Washer', '1', '1', '0', '100', '2250.00', '2019-12-16'), 
('900000146', '6950006', 'None', '1', '1', '1', '45', '1250.00', '2020-08-17'), 
('900000147', '6950006', 'None', '1', '1', '0', '60', '1200.00', '2020-02-19'), 
('900000148', '6950006', 'Washer', '1', '1', '1', '20', '700.00', '2019-04-12'), 
('900000149', '6950006', 'Washer & Dryer', '0', '1', '1', '40', '2175.00', '2020-04-18');


INSERT INTO PaymentTypes VALUES
('Affordable Housing Program'),
('Assumable 1st Lien'),
('Assumable 2nd Lien'),
('Cash Sale'),
('Conventional'),
('Exchange or Trade'),
('FHA'),
('Investor'),
('No Approval'),
('Non-Escalating'),
('Other'),
('Owner 2nd'),
('Owner Financing'),
('Release of Eligibility'),
('Release of Liability'),
('Seller to Contribute to Buyers Closing Costs'),
('Texas Veterans Land Board'),
('USDA Loan'),
('VA'),
('WRAP');

INSERT INTO Transactions VALUES
('83200002', '1850003', '520000', '3', '2021-01-10'),
('83200003', '1850006', '320000', '2', '2020-12-08'),
('83200007', '1850006', '330000', '1', '2020-12-31'),
('83200011', '1850004', '320000', '3', '2020-12-28'),
('83200012', '1850012', '110000', '1', '2019-11-01'),
('83200020', '1850003', '320000', '4', '2020-09-15'),
('83200022', '1850018', '420000', '2', '2020-01-05'),
('83200023', '1850012', '340000','3', '2019-09-22'),
('83200027', '1850006', '320000', '5', '2020-02-18'),
('83200028', '1850006', '270000', '3', '2021-03-20'),
('83200031', '1850018', '320000', '6', '2020-11-25'),
('83200032', '1850018', '310000', '2', '2020-11-20'),
('83200034', '1850003', '254000', '1', '2019-12-10'),
('83200037', '1850004', '620000', '4', '2020-01-06'),
('83200039', '1850006', '570000', '3', '2020-12-02'),
('83200040', '1850006', '880000', '3', '2021-02-10'),
('83200041', '1850006', '430000', '2', '2021-04-08'),
('83200042', '1850006', '620000', '1', '2021-02-25'),
('83200043', '1850004', '810000', '3', '2020-05-31'),
('83200044', '1850012', '660000', '1', '2020-03-31'),
('83200045', '1850003', '80000', '2', '2020-09-15'),
('83200046', '1850003', '60000', '2', '2020-08-16'),
('83200047', '1850012', '190000','3', '2020-07-22'),
('83200048', '1850006', '330000', '5', '2021-05-18'),
('83200049', '1850006', '199000', '3', '2020-03-20'),
('83200050', '1850018', '260000', '4', '2019-11-25'),
('83200051', '1850018', '320000', '2', '2019-06-20'),
('83200052', '1850003', '110000', '1', '2019-03-20'),
('83200053', '1850004', '330000', '4', '2020-04-06'),
('83200054', '1850006', '220000', '3', '2019-06-02'),
('83200055', '1850006', '360000', '3', '2019-08-12'),
('83200056', '1850018', '360000', '2', '2018-06-20'),
('83200057', '1850006', '620000', '1', '2021-03-20'),
('83200058', '1850004', '550000', '4', '2021-04-06'),
('83200059', '1850006', '980000', '1', '2019-05-02'),
('83200060', '1850006', '230000', '3', '2019-08-12'),
('83200061', '1850018', '290000', '2', '2020-06-20'),
('83200062', '1850003', '128000', '1', '2019-07-20'),
('83200063', '1850004', '360000', '4', '2020-11-06'),
('83200064', '1850006', '2000000', '1', '2021-01-02'),
('83200065', '1850006', '110000', '3', '2019-03-12'),
('83200066', '1850018', '320000', '2', '2020-06-20'),
('83200067', '1850006', '160000', '1', '2019-03-20'),
('83200068', '1850004', '860000', '3', '2021-04-06'),
('83200069', '1850006', '430000', '1', '2019-06-02'),
('83200070', '1850006', '760000', '3', '2020-07-12'),
('83200071', '1850000', '160000', '2', '2020-01-20'),
('83200072', '1850006', '320000', '1', '2019-07-20'),
('83200073', '1850004', '440000', '2', '2021-04-06'),
('83200074', '1850006', '330000', '1', '2019-07-02'),
('83200075', '1850006', '220000', '3', '2019-12-12'),
('83200076', '1850018', '983000', '2', '2021-04-20'),
('83200077', '1850006', '450000', '1', '2021-03-20'),
('83200078', '1850004', '2660000', '1', '2021-04-01'),
('83200079', '1850003', '60000', '1', '2020-11-02'),
('83200080', '1850006', '630000', '3', '2019-07-12'),
('83200081', '1850000', '210000', '2', '2020-07-20'),
('83200082', '1850006', '520000', '1', '2019-12-22'),
('83200083', '1850004', '460000', '2', '2021-11-06'),
('83200084', '1850006', '620000', '1', '2019-08-22'),
('83200085', '1850006', '360000', '3', '2021-04-12'),
('83200086', '1850006', '160000', '2', '2019-04-20'),
('83200087', '1850006', '680000', '1', '2020-10-20'),
('83200088', '1850004', '330000', '1', '2020-10-01'),
('83200089', '1850003', '360000', '1', '2019-05-02'),
('83200090', '1850006', '390000', '2', '2020-10-12'),
('83200091', '1850000', '386000', '2', '2021-02-20'),
('83200092', '1850006', '260000', '1', '2020-08-22'),
('83200093', '1850004', '110000', '2', '2020-03-31'),
('83200094', '1850006', '260000', '1', '2020-08-22'),
('83200095', '1850006', '560000', '3', '2020-05-12'),
('83200096', '1850006', '360000', '2', '2021-03-20'),
('83200097', '1850006', '880000', '1', '2020-10-20'),
('83200098', '1850004', '260000', '1', '2020-05-01'),
('83200099', '1850003', '340000', '1', '2020-05-02'),
('83200100', '1850006', '240000', '2', '2020-07-12'),
('83200101', '1850000', '170000', '2', '2020-07-20'),
('83200102', '1850006', '450000', '1', '2020-08-22'),
('83200103', '1850004', '860000', '1', '2020-05-31'),
('83200104', '1850006', '540000', '1', '2020-08-22'),
('83200105', '1850006', '726000', '3', '2021-03-12'),
('83200106', '1850006', '125000', '2', '2021-02-20'),
('83200107', '1850006', '620000', '1', '2021-03-20'),
('83200108', '1850004', '998000', '1', '2021-05-01'),
('83200109', '1850003', '611000', '1', '2020-11-02'),
('83200110', '1850006', '512000', '2', '2020-07-12'),
('83200111', '1850000', '228000', '2', '2020-05-20'),
('83200112', '1850006', '220000', '1', '2020-12-22'),
('83200113', '1850004', '390000', '2', '2020-10-31'),
('83200114', '1850006', '622000', '1', '2020-08-22'),
('83200115', '1850006', '860000', '3', '2020-10-12'),
('83200116', '1850006', '1160000', '2', '2020-06-20'),
('83200117', '1850006', '260000', '1', '2021-02-20'),
('83200118', '1850003', '110000', '1', '2020-12-15'),
('83200119', '1850003', '660000', '1', '2020-05-02');

INSERT INTO Amenities VALUES 
('Convenient Downtown Location'), 
('On-Site Restaurants'), 
('On-Site Retail Spaces'), 
('Swimming Pool'), 
('Sun Deck'), 
('Controlled Access Parking'), 
('Bike Parking'), 
('Community Lounge'), 
('Fitness Center'), 
('Virtual Concierge'), 
('Security Access'),
('Pet-Friendly Area'), 
('Grilling Pavilion'), 
('Oversized Balconies'), 
('Business Center'), 
('Private Meeting Rooms'), 
('Nest Thermostat'), 
('USB Outlets'), 
('Keyless Electronic Unit Entry'), 
('Washer and Dryers'), 
('Stainless Steel Appliances'), 
('Ceiling Fans'), 
('Game Room'), 
('Utilities Included'), 
('Quartz Countertops'), 
('Pool Courtyard'), 
('Dual Sinks'), 
('Frameless Shower Doors'), 
('Screening Room'), 
('High Ceilings'), 
('Wood-Style Flooring'), 
('Plush Carpeting in Bedrooms'), 
('Movie Theater'), 
('Fire Pits'),
('Spa'),
('Outdoor Showers'), 
('Lake'), 
('Living Green Walls');

INSERT INTO Features
VALUES
('Alarm system'),
('Crown moldings'),
('Central air conditioning'),
('Deck'),
('Exterior lighting'),
('Basement'),
('Fireplace'),
('Garage'),
('Granite countertops'),
('Indoor pool'),
('Outdoor pool'),
('Cable TV ready'),
('High-speed internet ready'),
('MasterBedroom'),
('Sewer'),
('Fully Furnished'),
('Hardwood floors'),
('Carpet'),
('Stainless steel appliances'),
('Walk-in closet'),
('Patio/balcony'),
('Garden Tub'),
('Double sink vanity'),
('Built-in Desk');

INSERT INTO ListingFeatures VALUES
('95400000','8600012'),
('95400000','8600003'),
('95400001','8600012'),
('95400001','8600002'),
('95400002','8600012'),
('95400002','8600003'),
('95400002','8600020'),
('95400002','8600011'),
('95400003','8600012'),
('95400003','8600013'),
('95400003','8600017'),
('95400004','8600012'),
('95400004','8600013'),
('95400004','8600019'),
('95400004','8600016'),
('95400004','8600009'),
('95400005','8600012'),
('95400005','8600001'),
('95400006','8600001'),
('95400006','8600013'),
('95400006','8600011'),
('95400007','8600012'),
('95400007','8600013'),
('95400007','8600008'),
('95400007','8600001'),
('95400008','8600012'),
('95400008','8600013'),
('95400008','8600007'),
('95400009','8600012'),
('95400009','8600013'),
('95400009','8600011'),
('95400009','8600020'),
('95400010','8600012'),
('95400010','8600013'),
('95400010','8600011'),
('95400011','8600012'),
('95400011','8600013'),
('95400011','8600011'),
('95400011','8600020'),
('95400012','8600012'),
('95400012','8600013'),
('95400012','8600014'),
('95400013','8600012'),
('95400013','8600013'),
('95400013','8600011'),
('95400014','8600012'),
('95400014','8600013'),
('95400014','8600011'),
('95400015','8600012'),
('95400015','8600013'),
('95400015','8600011'),
('95400015','8600020'),
('95400016','8600021'),
('95400016','8600022'),
('95400016','8600018'),
('95400017','8600012'),
('95400017','8600013'),
('95400017','8600019'),
('95400018','8600012'),
('95400018','8600016'),
('95400018','8600017'),
('95400018','8600020'),
('95400018','8600022'),
('95400019','8600012'),
('95400019','8600013'),
('95400019','8600011'),
('95400019','8600020'),
('95400020','8600012'),
('95400020','8600008'),
('95400020','8600015'),
('95400020','8600020'),
('95400021','8600012'),
('95400021','8600013'),
('95400021','8600011'),
('95400022','8600012'),
('95400022','8600004'),
('95400022','8600011'),
('95400022','8600020'),
('95400023','8600012'),
('95400023','8600013'),
('95400023','8600011'),
('95400023','8600020'),
('95400024','8600012'),
('95400024','8600013'),
('95400024','8600022'),
('95400025','8600012'),
('95400025','8600013'),
('95400025','8600023'),
('95400026','8600012'),
('95400026','8600013'),
('95400026','8600011'),
('95400026','8600020'),
('95400027','8600012'),
('95400027','8600013'),
('95400027','8600011'),
('95400028','8600012'),
('95400028','8600013'),
('95400028','8600011'),
('95400029','8600012'),
('95400029','8600013'),
('95400029','8600011'),
('95400029','8600020'),
('95400030','8600012'),
('95400030','8600013'),
('95400030','8600011'),
('95400030','8600020'),
('95400031','8600012'),
('95400031','8600013'),
('95400031','8600011'),
('95400032','8600012'),
('95400032','8600013'),
('95400032','8600011'),
('95400033','8600012'),
('95400033','8600013'),
('95400033','8600011'),
('95400033','8600017'),
('95400034','8600012'),
('95400034','8600013'),
('95400034','8600011'),
('95400035','8600012'),
('95400035','8600013'),
('95400035','8600011'),
('95400036','8600012'),
('95400036','8600013'),
('95400036','8600011'),
('95400037','8600012'),
('95400037','8600013'),
('95400037','8600011'),
('95400038','8600012'),
('95400038','8600013'),
('95400038','8600011'),
('95400039','8600012'),
('95400039','8600013'),
('95400039','8600011'),
('95400040','8600012'),
('95400040','8600013'),
('95400040','8600011'),
('95400041','8600012'),
('95400041','8600013'),
('95400041','8600011'),
('95400042','8600012'),
('95400042','8600013'),
('95400042','8600011'),
('95400043','8600012'),
('95400043','8600013'),
('95400043','8600011'),
('95400044','8600012'),
('95400044','8600013'),
('95400044','8600011'),
('95400045','8600012'),
('95400045','8600013'),
('95400045','8600011'),
('95400046','8600012'),
('95400046','8600013'),
('95400046','8600011'),
('95400046','8600017'),
('95400047','8600012'),
('95400047','8600013'),
('95400047','8600011'),
('95400048','8600012'),
('95400048','8600013'),
('95400048','8600011'),
('95400049','8600012'),
('95400049','8600013'),
('95400049','8600011'),
('95400050','8600012'),
('95400050','8600013'),
('95400050','8600011'),
('95400050','8600020'),
('95400051','8600012'),
('95400051','8600013'),
('95400051','8600011'),
('95400052','8600012'),
('95400052','8600013'),
('95400052','8600011'),
('95400052','8600020'),
('95400053','8600012'),
('95400053','8600013'),
('95400053','8600011'),
('95400054','8600012'),
('95400054','8600013'),
('95400054','8600011'),
('95400054','8600020'),
('95400055','8600012'),
('95400055','8600013'),
('95400055','8600011'),
('95400056','8600012'),
('95400056','8600013'),
('95400056','8600011'),
('95400056','8600020'),
('95400057','8600012'),
('95400057','8600013'),
('95400057','8600011'),
('95400058','8600012'),
('95400058','8600013'),
('95400058','8600011'),
('95400058','8600020'),
('95400059','8600012'),
('95400059','8600013'),
('95400059','8600011'),
('95400060','8600012'),
('95400060','8600013'),
('95400060','8600011'),
('95400060','8600020'),
('95400060','8600017'),
('95400060','8600004'),
('95400060','8600000'),
('95400060','8600008'),
('95400060','8600005'),
('95400060','8600003'),
('95400060','8600006'),
('95400060','8600007'),
('95400060','8600021'),
('95400060','8600015'),
('95400060','8600002'),
('95400060','8600010'),
('95400061','8600017'),
('95400061','8600004'),
('95400061','8600000'),
('95400061','8600008'),
('95400060','8600011'),
('95400060','8600012'),
('95400060','8600013'),
('95400060','8600014');

INSERT INTO ListingAmenities VALUES 
('95400000', '7600022'), ('95400000', '7600011'), ('95400000', '7600006'),
('95400001', '7600022'), ('95400001', '7600011'),
('95400002', '7600022'), ('95400002', '7600011'), ('95400002', '7600006'), ('95400002', '7600019'), ('95400002', '7600000'),
('95400003', '7600022'), ('95400003', '7600011'), ('95400003', '7600006'),
('95400004', '7600000'), ('95400004', '7600008'), ('95400004', '7600027'), ('95400004', '7600013'), ('95400004', '7600025'), ('95400004', '7600003'), ('95400004', '7600023'), ('95400004', '7600022'), ('95400004', '7600019'), ('95400004', '7600012'), ('95400004', '7600018'), ('95400004', '7600036'),
('95400005', '7600022'), ('95400005', '7600011'), ('95400005', '7600006'), ('95400005', '7600003'), ('95400005', '7600021'), ('95400005', '7600018'),
('95400006', '7600022'), ('95400006', '7600011'), ('95400006', '7600019'),
('95400007', '7600022'), ('95400007', '7600011'), ('95400007', '7600019'),
('95400008', '7600022'), ('95400008', '7600019'), ('95400008', '7600011'), ('95400008', '7600008'), ('95400008', '7600000'),
('95400009', '7600019'), ('95400009', '7600011'), ('95400009', '7600022'), ('95400009', '7600000'), ('95400009', '7600008'), ('95400009', '7600003'), ('95400009', '7600005'),
('95400010', '7600022'), ('95400010', '7600011'), ('95400010', '7600019'), ('95400010', '7600020'), ('95400010', '7600008'), ('95400010', '7600000'),
('95400011', '7600011'), ('95400011', '7600019'), ('95400011', '7600022'), ('95400011', '7600000'),('95400011', '7600003'), ('95400011', '7600027'),
('95400012', '7600011'), ('95400012', '7600022'), ('95400012', '7600019'), ('95400012', '7600005'), ('95400012', '7600025'),
('95400013', '7600022'), ('95400013', '7600011'),
('95400014', '7600000'), ('95400014', '7600011'), ('95400014', '7600022'), ('95400014', '7600019'), ('95400014', '7600025'),
('95400015', '7600011'), ('95400015', '7600019'), ('95400015', '7600022'),
('95400016', '7600011'), ('95400016', '7600019'), ('95400016', '7600022'),
('95400017', '7600011'), ('95400017', '7600019'), ('95400017', '7600022'), ('95400017', '7600000'), ('95400017', '7600025'), ('95400017', '7600029'),
('95400018', '7600000'), ('95400018', '7600011'), ('95400018', '7600019'), ('95400018', '7600022'),
('95400019', '7600000'), ('95400019', '7600011'), ('95400019', '7600019'), ('95400019', '7600022'),
('95400020', '7600000'), ('95400020', '7600011'), ('95400020', '7600019'), ('95400020', '7600022'), ('95400020', '7600025'), ('95400020', '7600008'),
('95400021', '7600011'), ('95400021', '7600019'), ('95400021', '7600022'),
('95400022', '7600022'), ('95400022', '7600000'), ('95400022', '7600011'), ('95400022', '7600019'), ('95400022', '7600008'),
('95400023', '7600000'), ('95400023', '7600011'), ('95400023', '7600019'), ('95400023', '7600022'), ('95400023', '7600008'), ('95400023', '7600021'), ('95400023', '7600005'), ('95400023', '7600012'), ('95400023', '7600017'), ('95400023', '7600025'), ('95400023', '7600030'),
('95400024', '7600000'), ('95400024', '7600011'), ('95400024', '7600019'), ('95400024', '7600022'), ('95400024', '7600008'), ('95400024', '7600025'),
('95400025', '7600000'), ('95400025', '7600011'), ('95400025', '7600019'), ('95400025', '7600022'), ('95400025', '7600008'), ('95400025', '7600025'),
('95400026', '7600000'), ('95400026', '7600011'), ('95400026', '7600019'), ('95400026', '7600022'), ('95400026', '7600008'), ('95400026', '7600025'), ('95400026', '7600014'), ('95400026', '7600027'),
('95400027', '7600000'), ('95400027', '7600011'), ('95400027', '7600019'), ('95400027', '7600022'), ('95400027', '7600008'), ('95400027', '7600025'),
('95400028', '7600000'), ('95400028', '7600011'), ('95400028', '7600019'), ('95400028', '7600022'), ('95400028', '7600008'), ('95400028', '7600025'),
('95400029', '7600000'), ('95400029', '7600011'), ('95400029', '7600019'), ('95400029', '7600022'), ('95400029', '7600008'), ('95400029', '7600025'), ('95400029', '7600018'), ('95400029', '7600001'), ('95400029', '7600013'), ('95400029', '7600034'), ('95400029', '7600029'), ('95400029', '7600030'),
('95400030', '7600000'), ('95400030', '7600011'), ('95400030', '7600019'), ('95400030', '7600022'), ('95400030', '7600008'), ('95400030', '7600025'), ('95400030', '7600018'), ('95400030', '7600001'), ('95400030', '7600013'), ('95400030', '7600034'), ('95400030', '7600029'), ('95400030', '7600030'),
('95400031', '7600000'), ('95400031', '7600011'), ('95400031', '7600019'), ('95400031', '7600022'), ('95400031', '7600008'), ('95400031', '7600025'),
('95400032', '7600000'), ('95400032', '7600011'), ('95400032', '7600022'), ('95400032', '7600025'),
('95400033', '7600011'),
('95400034', '7600000'), ('95400034', '7600011'), ('95400034', '7600022'), ('95400034', '7600019'), ('95400034', '7600008'), ('95400034', '7600025'), ('95400034', '7600014'), ('95400034', '7600013'), ('95400034', '7600029'),
('95400035', '7600000'), ('95400035', '7600011'), ('95400035', '7600022'), ('95400035', '7600019'), ('95400035', '7600008'), ('95400035', '7600025'), ('95400035', '7600014'), ('95400035', '7600013'),
('95400036', '7600022'), ('95400036', '7600000'), ('95400036', '7600011'), ('95400036', '7600008'), ('95400036', '7600025'),
('95400037', '7600011'), ('95400037', '7600019'), ('95400037', '7600022'), ('95400037', '7600005'),
('95400038', '7600022'), ('95400038', '7600011'),
('95400039', '7600000'), ('95400039', '7600011'), ('95400039', '7600022'), ('95400039', '7600019'), ('95400039', '7600008'), ('95400039', '7600025'), ('95400039', '7600014'), ('95400039', '7600013'), ('95400039', '7600029'),
('95400040', '7600000'), ('95400040', '7600011'), ('95400040', '7600022'), ('95400040', '7600019'), ('95400040', '7600008'), ('95400040', '7600025'), ('95400040', '7600014'), ('95400040', '7600013'), ('95400040', '7600029'), ('95400040', '7600009'),
('95400041', '7600000'), ('95400041', '7600011'), ('95400041', '7600022'), ('95400041', '7600025'), ('95400041', '7600014'), ('95400041', '7600013'),('95400041', '7600009'),
('95400042', '7600011'), ('95400042', '7600022'),('95400042', '7600025'), ('95400042', '7600014'), ('95400042', '7600013'), ('95400042', '7600009'),
('95400043', '7600000'), ('95400043', '7600011'), ('95400043', '7600022'), ('95400043', '7600025'), ('95400043', '7600014'), ('95400043', '7600009'),
('95400044', '7600011'), ('95400044', '7600022'),
('95400045', '7600000'), ('95400045', '7600011'), ('95400045', '7600022'), ('95400045', '7600019'), ('95400045', '7600008'),('95400045', '7600025'), ('95400045', '7600014'), ('95400045', '7600013'), ('95400045', '7600029'),
('95400046', '7600000'), ('95400046', '7600011'), ('95400046', '7600022'), ('95400046', '7600019'), ('95400046', '7600008'), ('95400046', '7600025'), ('95400046', '7600014'), ('95400046', '7600013'), ('95400046', '7600029'), ('95400046', '7600009'),
('95400047', '7600011'), ('95400047', '7600022'), ('95400047', '7600025'), ('95400047', '7600014'), ('95400047', '7600013'), ('95400047', '7600009'),
('95400048', '7600011'), ('95400048', '7600022'), ('95400048', '7600025'), ('95400048', '7600014'), ('95400048', '7600013'), ('95400048', '7600009'),
('95400049', '7600011'), ('95400049', '7600022'), ('95400049', '7600019'),
('95400050', '7600000'), ('95400050', '7600011'), ('95400050', '7600022'), ('95400050', '7600019'), ('95400050', '7600008'), ('95400050', '7600025'), ('95400050', '7600014'), ('95400050', '7600013'), ('95400050', '7600029'), ('95400050', '7600009'),
('95400051', '7600000'), ('95400051', '7600011'), ('95400051', '7600022'), ('95400051', '7600025'), ('95400051', '7600014'), ('95400051', '7600013'), ('95400051', '7600009'), ('95400051', '7600019'),
('95400052', '7600000'), ('95400052', '7600011'), ('95400052', '7600022'), ('95400052', '7600025'), ('95400052', '7600014'), ('95400052', '7600013'), ('95400052', '7600009'), ('95400052', '7600019'),
('95400053', '7600011'), ('95400053', '7600022'), ('95400053', '7600019'),
('95400054', '7600011'), ('95400054', '7600022'), ('95400054', '7600025'), ('95400054', '7600014'), ('95400054', '7600013'), ('95400054', '7600009'), ('95400054', '7600019'),
('95400055', '7600022'), ('95400055', '7600025'), ('95400055', '7600014'), ('95400055', '7600013'), ('95400055', '7600009'), ('95400055', '7600019'),
('95400056', '7600011'), ('95400056', '7600022'), ('95400056', '7600019'),
('95400057', '7600011'), ('95400057', '7600022'), ('95400057', '7600019'),
('95400058', '7600011'), ('95400058', '7600022'), ('95400058', '7600025'), ('95400058', '7600014'), ('95400058', '7600009'), ('95400058', '7600019'),
('95400059', '7600000'), ('95400059', '7600011'),('95400059', '7600022'), ('95400059', '7600025'), ('95400059', '7600014'), ('95400059', '7600013'),('95400059', '7600009'), ('95400059', '7600019'),
('95400060', '7600000'), ('95400060', '7600011'), ('95400060', '7600022'), ('95400060', '7600019'), ('95400060', '7600008'),('95400060', '7600025'), ('95400060', '7600014'), ('95400060', '7600013'), ('95400060', '7600029'), ('95400060', '7600009'), ('95400060', '7600012'),
('95400061', '7600011'), ('95400061', '7600022'), ('95400061', '7600025'), ('95400061', '7600014'), ('95400061', '7600013'), ('95400061', '7600009'), ('95400061', '7600019');

INSERT INTO LeaseAgreements VALUES 
('95400004', '2019-02-04', '2021-08-05', '1', '100' ), 
('95400015', '2020-10-05', '2021-04-05', '2', '300' ), 
('95400022', '2019-09-26', '2021-09-26', '2', '400' ), 
('95400026', '2020-07-01', '2021-07-01', '2', '200' ), 
('95400027', '2019-03-30', '2021-09-30', '2', '250' ),
('95400028', '2019-12-15', '2021-12-15', '2', '300' ),  
('95400035', '2021-01-30', '2021-07-30', '1', '150' ), 
('95400038', '2019-12-28', '2021-12-28', '1', '100' ), 
('95400051', '2019-06-05', '2021-06-05', '2', '300' ),
('95400061', '2019-12-30', '2022-12-30', '2', '350' );

INSERT INTO SignedLeases VALUES
('76500000','800000079', '2019-01-04'),
('76500001','800000090', '2020-09-05'),
('76500002','800000091', '2019-08-24'),
('76500003','800000099', '2020-06-01'),
('76500004','800000075', '2019-02-17'),
('76500005','800000073', '2019-11-08'),
('76500006','800000077', '2020-12-28'),
('76500007','800000080', '2019-11-21'),
('76500008','800000087', '2019-05-02'),
('76500009','800000089', '2019-11-24');

INSERT INTO SocialMedia
VALUES
('121000000','Instagram','nanproperties'),
('121000000','Instagram','Nancy_almodovar'),
('121000000','Instagram','Apartmentshouston'),
('121000000','Instagram','nan.fam'),
('121000000','Facebook','nanandcompanyproperties'),
('121000000','Youtube','Nan and Company Properties'),
('121000000','LinkedIn','nan-&-company-properties'),
('121000000','Twitter','nanproperties'),
('121000000','TikTok','nanproperties');

INSERT INTO CompanyLeads VALUES
('121000000','James','Lopez','713-874-8800','jlopez@gmail.com'),
('121000000','Charlie','Howard','281-874-8800','choward@hotmail.com'),
('121000000','Sarah','Orange','346-874-8800','sorange@yahoo.com'),
('121000000','Sofia','Naranjo','832-874-8800','snaranjo@gmail.com'),
('121000000','Gustavo','Bruce','281-159-5600','gbruce@gmail.com'),
('121000000','Alexis','Granados','713-159-5600','agranados@gmail.com'),
('121000000','Alex','Segura','832-159-5600','asegura@gmail.com'),
('121000000','Santiago','Ortega','346-159-5600','sortega@gmail.com'),
('121000000','Romeo','Ortega','281-569-5600','rortega@hotmail.com'),
('121000000','Mike','Nguyen','713-965-5242','mnguyen@yahoo.com'),
('121000000','Lisa','Simpson','832-965-5242','lsimpson@yahoo.com'),
('121000000','Ashley','Figueroa','281-965-5242','afigueroa@gmail.com'),
('121000000','Ramona','Flowers','346-965-5242','rflowers@yahoo.com'),
('121000000','Mike','Owens','832-582-5242','mowens@hotmail.com'),
('121000000','Rick','Mince','346-125-5242','rmince@gmail.com'),
('121000000','Ricky','Bobby','713-125-5242','rbobby@hotmail.com'),
('121000000','Nancy','Biden','832-125-5242','nbiden@yahoo.com'),
('121000000','Adam','West','281-125-5242','awest@gmail.com'),
('121000000','Cedric','Hayes','832-025-5242','chayes@gmail.com'),
('121000000','Dwayne','Hampton','281-025-5242','dhampton@outlook.com'),
('121000000','Christina','Molina','713-025-5242','cmolina@gmail.com'),
('121000000','Jaime','Rodriguez','346-025-5242','jrodriguez@hotmail.com'),
('121000000','Mia','Reyes','832-025-2870','mreyes@gmail.com'),
('121000000','Alice','Jive','281-025-2870','ajive@yahoo.com'),
('121000000','Kim','Berry','713-025-2870','kberry@gmail.com'),
('121000000','Luis','Reyes','346-025-2870','lreyes@gmail.com'),
('121000000','Gloria','Orange','832-025-0070','gorange@hotmail.com'),
('121000000','Moises','Sosa','281-025-0070','msosa@gmail.com'),
('121000000','Mia','Rendon','713-025-0070','mrendon@hotmail.com'),
('121000000','Xiomara','Castillo','346-025-0070','xcastillo@yahoo.com'),
('121000000','Ian','Bustos','832-050-0360','ibustos@gmail.com'),
('121000000','Kristian','Bustillo','281-050-0360','kbustillo@hotmail.com'),
('121000000','Hunter','Wilson','713-050-0360','hwilson@gmail.com'),
('121000000','Gabriel','Samson','346-050-0360','gsamson@gmail.com'),
('121000000','Dylan','Able','832-050-7741','dable@hotmail.com'),
('121000000','Philip','Hawk','281-050-7741','phawk@gmail.com'),
('121000000','Sierra','Collino','713-050-7741','scollino@yahoo.com'),
('121000000','Jay','Myers','346-050-7741','jmyers@gmail.com'),
('121000000','Michaela','Rose','832-981-7741','mrose@gmail.com'),
('121000000','Ashley','Vasquez','281-981-7741','avasquez@gmail.com'),
('121000000','Sam','Delih','713-981-7741','sdelih@yahoo.com'),
('121000000','Tara','Cooper','346-981-7741','tcooper@hotmail.com'),
('121000000','Richy','Valens','832-650-0205','rvalens@gmail.com'),
('121000000','Jimmy','Fosta','713-650-0205','jfosta@hotmail.com'),
('121000000','Billy','Orourke','281-650-0205','borourke@gmail.com'),
('121000000','Vladimir','Orange','346-650-0205','vorange@yahoo.com'),
('121000000','Erik','Linto','832-650-0048','elinto@gmail.com'),
('121000000','Alan','Pham','281-650-0048','apham@hotmail.com'),
('121000000','Omar','Mann','713-650-0048','omann@yahoo.com'),
('121000000','Francesco','Totti','346-650-0048','ftotti@gmail.com');

INSERT INTO Complaints VALUES
('121000000', 'Keep it short and sweet', 'Where I am located the 2% is a scam you can’t get it. The agent that signed you up for it doesn’t actually show any homes. At least that’s what he told me. On top of that the agent is a clown.', '2014-02-12'),
('121000000', 'The agent assigned to me was not a good one!', 'The Agent assigned to me was an incompetent one. Her last name suits her, as she is green when it comes to customer service! After she matched me up with a local real estate agency, you would I would hear so much from her, but that was NOT the case. She bombarded me with emails several times a day. Each email basically stated the same thing. She was not telling me anything new. When I told her I was too busy to read umpteen emails a day from her if they were all filled with info she has already relayed to me, she terminated business dealings with me AND the real estate agency without either of them letting me know. I only found out several days later when I asked what was going on, since I had not heard from either of them! She will terminate relations the minute you give her constructive criticism! BUYER BEWARE!', '2015-03-25'),
('121000000', 'Disappointing', 'We had a few issues with our agent. We felt he did a minimal job. He made promises to take care of a few issues that was never accomplished. We did not know until we would go to the property but he said he kept forgetting.', '2014-05-09'),
('121000000', 'NOT HAPPY', 'We were not happy with them, as they seemed more concerned with a quick sale than they were with good service.', '2015-07-02'),
('121000000', 'Chad', 'Chad was fine, not as communicative as we would have preferred. Towards closing we heard very little. He also represented the buyers and we felt he did a better on of representing them than us.', '2015-07-12'),
('121000000', 'Disappointed', 'It was my second time listing with them in less than a year and that did not seem to make any impression. I feel that it is not a big deal to list an open house and there was no cooperation to do that unless it was paid for on the plan I was using. Even as a return client, I was given no courtesies.', '2014-11-22'),
('121000000', 'My first interaction was terrible', 'Some women called she asked do you have a contract on the property I said NO. She then proceed to tell me that I did and something about me no telling the truth. I finally told her that she is acting Like a collection Agency. She said well you will have to deal with Ralph.', '2016-12-13'),
('121000000', 'My listing was wrong', 'My listing was wrong, twice, and then never right. After several phone calls, I was promised a call back from Ralph, which never happened. When we did go under contract, I called to get the next steps. The person on the phone talked to me like I was a small child. Again, I have asked to speak to Ralph. So far, nothing. The dashboard is not user friendly, and you have to use the chat service or call for every little thing. Very disappointed. There are several services like this. Pick another one.', '2016-02-11'),
('121000000', 'Would not use this company again', 'Time lag hard to deal with. A plethora of errors in their end and you can never get a human when you need one. Not a fan!', '2014-01-19'),
('121000000', 'Worst execution...go with another fixed price company', 'The concept is good and I have worked with similar services in the past but this is far worse than other like services.', '2016-10-30'),
('121000000', 'The website crashed 3 times while I was…', 'The website crashed 3 times while I was entering my listing so I had to start over each time. The website wouldn’t upload my pictures so I had to email them to their tech support to have them load them. A bit tedious.', '2017-10-9'),
('121000000', 'Dissapointed', 'There were several mistakes during the listing process and I had to submit some corrections and change requests twice for them to be done right.', '2001-08-21'),
('121000000', 'Total disappointment', 'They listed my property in a city 1.5 hours away from my geography—completely missing my market. Then they told me I would be the recipient of all leads, when in fact my leads are going to agents in a city that is 1.5 hours away. Can you imagine what that agent is saying to my prospective buyer?', '2018-06-21'),
('121000000', 'There were a number of questions in the…', 'There were a number of questions in the description of the property that could use some attention as they are not clear or do not have the correct selection or choice to completely describe the property.', '2020-06-18'),
('121000000', 'Frustrating Website', 'The website is frustrating, but after a few attempts to fix things I was able to get the documents signed accurately.', '2019-06-14'),
('121000000', 'Good experience', 'The people are great to deal with. i would have given a much better review had the website been more user friendly. On the website "agent chat popups" are annoying, the payment process needs some work to be made easier for the user and the message system back and forth could be better.', '2020-06-03'),
('121000000', 'Terrible customer service and product!', 'I requested my contact information be listed as the property for sale is a lot and dies not have an address. I called into the number just to see how it was handle. The lady answered. I gave her the listing number and location and she could not locate it.', '2019-05-10'),
('121000000', 'Unresponsive', ' I want my phone number on the listing, not a listing agent.', '2018-04-30'),
('121000000', 'I think there is room for…', 'I think there is room for improvement....now this is looking from an advanced user experience.', '2019-04-28'),
('121000000', 'Response Time', 'The response time of staff was excellent, the setting up procss could be more user friendly and allow more editing.', '2017-11-22'),
('121000000', 'Unprofessional and rude', 'They don’t care about customers. Useless aswell. Waste of money, don’t go with them.', '2017-11-20'),
('121000000', 'Often it takes too long for someone to…', 'Often it takes too long for someone to answer the phone. One of the receptionists speaks broken English. Company has VERY poor attention to detail.', '2017-10-18'),
('121000000', 'Unorganized and lack execution.', 'Very unorganized and lack internal communication. The entire process has been a huge headache and I’ll never use this agency again. I also would not recommend them to anymore. I have had nothing but issues since the start.', '2016-09-15'),
('121000000', 'I was unhappy with the level of…', 'I was unhappy with the level of customer service I received. There were numerous requests for information that I did not have and I explained that I did not have it, and would not have since it was a sale without a realtor. I was threatened with being charged fines for not complying with the information I could not obtain.', '2020-09-20'),
('121000000', 'Difficult to work with', 'Difficult to work with. I will not use them again.', '2017-04-04'),
('121000000', 'Website isn’t difficult to navigate and…', 'Website isn’t difficult to navigate and not user friendly versus ones I have worked with in the past. Updates I make typically are messing something else up like the address or adding a picture duplicate.', '2018-05-04'),
('121000000', 'It was fine', 'it was fine, the forwarding of information when an agent was trying to get in touch, could be a little faster.', '2018-05-04'),
('121000000', 'BEWARE', 'GOOD REVIEWS are fake!! Please notice that one rent does not have Google nor yelp reviews. Thats because I heard they had it removed from all the bad stuff people were warning about.', '2021-02-21'),
('121000000', 'STAY AWAY FROM THIS COMPANY', 'STAY AWAY FROM THIS COMPANY! THEY SCAM YOU!', '2021-02-04'),
('121000000', 'I had some problems in the beginning…', 'I had some problems in the beginning getting my messages through then got better. Need some better guidance from agents when it comes to set up of showing the property for best results. As far as required duties there needs to be more communication on who is responsible for doing these and when. Over all the experience was good but I think there might be some overall advantages to having an agent to contact potential buyers which have viewed the property.', '2020-08-06'),
('121000000', 'Uninterested, dissengaged, sloppy', 'Uninterested, disengaged and sloppy. I wanted to wait to write a review to give them a chance, but my thoughts have not changed.', '2019-01-16'),
('121000000', 'Horrible, stressful experience!', 'Horrible, stressful experience! Unprofessional all the way. They break their own contract. Professional photos sucked, my own sold the home after they were fired.', '2017-07-13'),
('121000000', 'There is so much', 'There is so much, I don’t even know where to start. The entire process from start to finish was very unprofessional, stressful and just an overall horrible experience.', '2019-05-13'),
('121000000', 'Mixed feelings', 'They must have an automated service to send out text messages and email. They should not have the automated system because I not sure it you are taking to a real person. I asked questions and never received an answer. I am not interested in there service any longer.', '2019-02-04'),
('121000000', 'I saved a lot of money but their…', 'I saved a lot of money but their service is pretty poor. You are basically left on your own with very little guidance.', '2018-12-11'),
('121000000', 'Not now or EVER will I do business with this company!', 'Not now or ever will I do business with this company again. They failed to answer my emails in a timely manner which is why I posted here.', '2018-10-15'),
('121000000', 'The Pricing was good', 'the Pricing was good. However for someone who hasn’t done this before it can be challenging. When it came to negotiation they weren’t very helpful. If you need to sell and your not making money on your property this is the way to go.', '2017-12-20'),
('121000000', 'Lousy website, not the greatest help', ' It was obviously not even in beta mode. Would not use again. Wouldn’t recommend for first timers.', '2017-12-20'),
('121000000', 'I do not like working with multiple…', 'I do not like working with multiple people, just want to talk to the same person.', '2015-12-20'),
('121000000', 'Worst company to deal with', 'Worst company to deal with. Don’t screw around. Go straight to the realtor. This company is full of bs. They talk over you, don’t listen to what you have to say. Lies of a company.', '2015-01-21'),
('121000000', 'This company', 'This company. Is rreally. Dump...i call them. Many times. And. We got the prove. On my recordaer phone. AND THEY SAY. Sone body. Call me. Thas happens. Monday...and. no body call me. I just. Tell you guys. Carfull. How. Do you. Works. Dont be. Liers....im victor. Gonzalez. If is true. You. Recorder all calls. You. Confirm....thanks. happy new year.', '2020-12-31'),
('121000000', 'The worst experience ever...stay away!!!', 'It’s Saturday morning, I requested to see a house tomorrow, I get a call right away and their agent asking me a million questions that I am not ready to answer yet, since I haven’t seen the house... He says he can’t help me otherwise and hangs up on me?!? Did I miss anything??? The worst experience ever...stay away!!!', '2018-10-17'),
('121000000', 'You are email consumer care response was…', 'You are email consumer care response was no help. They said they would like to help and nothing after that! Buyers Beware!!', '2018-07-27'),
('121000000', 'Not responsive and not helpful', 'They are not responsive at all. I keep contacting them and request for more info and schedule viewing and no one ever contacted me back.', '2020-07-25'),
('121000000', 'A callback would be nice.', 'I find the website attractive. It has been three days and we still have not heard back from anyone. My husband and I are interested in a property.', '2020-03-21'),
('121000000', 'negative', '-1 out of 10. Very Poor response, most of the overflow team does not even know what to do and they are rude. One guy helped to convey my message forward.', '2016-04-23'),
('121000000', 'I would give no stars if it were possible!', '0/10 terrible service!', '2020-04-07'),
('121000000', 'Fake Reviews!', 'If you scroll around the page, you will notice fake profiles copying and pasting the same review over and over! SKETCHY!!', '2015-10-02');

INSERT INTO ProbationPeriods
VALUES
('500000001', '2018-02-13', '2018-05-14', '5', 'Employee has successfully completed training'),
('500000002', '2017-11-27', '2018-02-25', '2', 'Employee may need additional training'),
('500000005', '2016-07-14', '2016-10-12', '0', 'Employee failed to successfully close any listings and requires additional training'),
('500000006', '2018-06-22', '2018-09-20', '5', 'Employee has successfully completed training'),
('500000009', '2013-03-21', '2013-06-19', '3', 'Employee has successfully completed courses but may need additional training'),
('500000010', '2010-09-18', '2010-12-17', '4', 'Employee has successfully completed training'),
('500000012', '2018-05-12', '2018-08-10', '2', 'Employee may need additional training'),
('500000013', '2013-04-28', '2013-07-27', '2', 'Employee may need additional training'),
('500000016', '2015-09-24', '2015-12-23', '6', 'Employee has successfully completed training'),
('500000017', '2014-01-23', '2014-04-23', '3', 'Employee has successfully completed courses but may need additional training'),
('500000019', '2019-10-03', '2020-01-01', '4', 'Employee has successfully completed training'),
('500000021', '2013-05-19', '2013-08-17', '4', 'Employee has successfully completed training'),
('500000022', '2018-02-22', '2018-05-23', '6', 'Employee has successfully completed training'),
('500000024', '2020-06-27', '2020-09-25', '0', 'Employee failed to successfully close any listings and requires additional training'),
('500000025', '2017-10-29', '2018-01-27', '1', 'Employee may need additional training'),
('500000027', '2005-06-23', '2005-09-21', '2', 'Employee may need additional training'),
('500000030', '2014-01-25', '2014-04-25', '4', 'Employee has successfully completed training'),
('500000032', '2019-08-07', '2019-11-12', '4', 'Employee has successfully completed training'),
('500000033', '2012-03-05', '2012-06-10', '2', 'Employee may need additional training'),
('500000035', '2011-01-20', '2011-04-23', '4', 'Employee has successfully completed training'),
('500000039', '2015-07-19', '2015-11-22', '1', 'Employee may need additional training'),
('500000040', '2020-04-24', '2020-07-23', '1', 'Employee may need additional training'),
('500000044', '2006-03-04', '2006-06-02', '7', 'Employee has successfully completed training'),
('500000045', '2007-11-28', '2008-02-26', '5', 'Employee has successfully completed training'),
('500000048', '2014-02-05', '2014-05-09', '6', 'Employee has successfully completed training'),
('500000050', '2019-12-13', '2020-03-12', '2', 'Employee may need additional training'),
('500000052', '2014-04-01', '2014-06-30', '0', 'Employee failed to successfully close any listings and requires additional training'),
('500000053', '2015-08-04', '2015-11-02', '3', 'Employee has successfully completed courses but may need additional training'),
('500000055', '2017-09-12', '2017-12-11', '5', 'Employee has successfully completed training'),
('500000056', '2016-11-29', '2017-03-01', '3', 'Employee has successfully completed training'),
('500000058', '2012-06-06', '2017-09-11', '5', 'Employee has successfully completed training'),
('500000060', '2011-10-17', '2012-01-21', '2', 'Employee may need additional training'),
('500000065', '2008-05-05', '2008-08-12', '4', 'Employee has successfully completed training'),
('500000066', '2011-07-08', '2011-10-15', '1', 'Employee may need additional training'),
('500000070', '2018-07-16', '2018-10-14', '2', 'Employee may need additional training'),
('500000074', '2006-12-22', '2007-03-22', '7', 'Employee has successfully completed training'),
('500000075', '2008-09-29', '2008-12-28', '0', 'Employee failed to successfully close any listings and requires additional training'),
('500000078', '2018-08-18', '2018-11-16', '2', 'Employee may need additional training'),
('500000079', '2015-05-15', '2015-08-13', '5', 'Employee has successfully completed training'),
('500000080', '2017-10-11', '2018-01-09', '6', 'Employee has successfully completed training'),
('500000081', '2016-11-12', '2017-02-10', '2', 'Employee may need additonal training'),
('500000083', '2020-07-08', '2020-10-06', '1', 'Employee may need additional training'),
('500000084', '2010-01-03', '2010-04-03', '5', 'Employee has successfully completed training'),
('500000086', '2014-12-03', '2015-03-03', '0', 'Employee failed to successfully close any listings and requires additional training'),
('500000091', '2009-11-12', '2010-02-20', '5', 'Employee has successfully completed training');

INSERT INTO TerminatedAgents
VALUES
('121000000', 'Alison', 'Cason','2020-01-25', 'Exceeded limit of occurrences'),
('121000000', 'Kelly', 'Jensen', '2020-10-12', 'Program requirements not met'),
('121000000', 'Geoffrey', 'Butler', '2020-05-01', 'Program requirements not met'),
('121000000', 'Terry', 'Rogers', '2019-12-30', 'Exceeded limit of occurrences'),
('121000000', 'Stanley', 'Holland', '2018-04-15', 'Left to different brokerage'),
('121000000', 'Bennie', 'Ellis', '2019-07-07', 'Did not meet production quota'),
('121000000', 'Blanca', 'Sparks', '2017-07-15', 'Program requirements not met'),
('121000000', 'Jean', 'Wong', '2019-02-23', 'Left to different brokerage'),
('121000000', 'Ernest', 'Powell', '2018-05-27', 'Program requirements not met'),
('121000000', 'Jana', 'Matthews', '2019-08-19', 'Program requirements not met'),
('121000000', 'Erick', 'Gill', '2019-03-12', 'Theft of company property'),
('121000000', 'Janis', 'Jones', '2018-05-19', 'Did not meet production quota'),
('121000000', 'Javier', 'Chambers', '2018-09-22', 'Exceeded limit of occurrences'),
('121000000', 'Tonya', 'Summers', '2018-10-04', 'Program requirements not met'),
('121000000', 'Olga', 'Greene', '2019-05-11', 'Insubordination'),
('121000000', 'Dean', 'Baker', '2020-06-16', 'Left to different brokerage'),
('121000000', 'Jean', 'Pierre', '2019-11-10', 'Criminal offense in the workplace'),
('121000000', 'Russel', 'Mclaughlin', '2018-01-23', 'Exceeded limit of occurrences'),
('121000000', 'Roger', 'Powers', '2019-03-17', 'Did not meet production quota'),
('121000000', 'Lawrence', 'Hunter', '2019-07-09', 'Program requirements not met'),
('121000000', 'Lorenzo', 'Alexander', '2020-04-18', 'Program requirements not met'),
('121000000', 'Elise', 'Hull', '2020-12-01', 'Left to different brokerage'),
('121000000', 'Damien', 'Stark', '2017-10-03', 'Program requirements not met'),
('121000000', 'Cally', 'Pete', '2019-04-21', 'Exceeded limit of occurrences'),
('121000000', 'Aiden', 'Floyd', '2020-07-29', 'Did not meet production quota');

INSERT INTO InstructCourses VALUES
('86400000', '56100000'),
('86400001', '56100005'),
('86400002', '56100009'),
('86400003', '56100002'),
('86400004', '56100001'),
('86400005', '56100008'),
('86400006', '56100003'),
('86400007', '56100000'),
('86400008', '56100006'),
('86400009', '56100002'),
('86400010', '56100001'),
('86400011', '56100006'),
('86400012', '56100003'),
('86400013', '56100004'),
('86400014', '56100005'),
('86400015', '56100004'),
('86400016', '56100007'),
('86400017', '56100009'),
('86400018', '56100008'),
('86400019', '56100007'),
('86400010', '56100000'),
('86400011', '56100009'),
('86400012', '56100000'),
('86400013', '56100001'),
('86400014', '56100006'),
('86400015', '56100009'),
('86400016', '56100001'),
('86400017', '56100004'),
('86400018', '56100005'),
('86400019', '56100006'),
('86400000', '56100005'),
('86400001', '56100003'),
('86400002', '56100004'),
('86400003', '56100002'),
('86400004', '56100008'),
('86400005', '56100003'),
('86400006', '56100008'),
('86400007', '56100002'),
('86400008', '56100007'),
('86400009', '56100007');

ALTER TABLE Zipcodes
ADD CONSTRAINT PK_Zipcode PRIMARY KEY (Zipcode_Id);

ALTER TABLE States
ADD CONSTRAINT PK_State PRIMARY KEY (State_Id);

ALTER TABLE Countries
ADD CONSTRAINT PK_Country PRIMARY KEY (Country_Id);

ALTER TABLE NanAndCompanyProperties
ADD CONSTRAINT PK_NanAndCompanyProperties PRIMARY KEY (Company_Id),
CONSTRAINT FK_NanAndCompanyPropertiesStates FOREIGN KEY (State_Id) REFERENCES States
ON UPDATE CASCADE 
ON DELETE SET NULL, 
CONSTRAINT FK_NanAndCompanyPropertiesZipcodes FOREIGN KEY (Zipcode_Id) REFERENCES Zipcodes
ON UPDATE CASCADE
ON DELETE SET NULL,
CONSTRAINT FK_NanAndCompanyPropertiesCountries FOREIGN KEY (Country_Id) REFERENCES Countries
ON UPDATE CASCADE
ON DELETE SET NULL;

ALTER TABLE EmployeeInformation
ADD CONSTRAINT PK_EmployeeInformation PRIMARY KEY (Employee_Id),
CONSTRAINT FK_EmployeeInformationState FOREIGN KEY (State_Id) REFERENCES States
ON UPDATE CASCADE 
ON DELETE SET NULL, 
CONSTRAINT FK_EmployeeInformationZipcode FOREIGN KEY (Zipcode_Id) REFERENCES Zipcodes
ON UPDATE CASCADE
ON DELETE SET NULL,
CONSTRAINT FK_EmployeeInformationCountry FOREIGN KEY (Country_Id) REFERENCES Countries
ON UPDATE CASCADE
ON DELETE SET NULL;

ALTER TABLE RoleTypes
ADD CONSTRAINT PK_RoleType PRIMARY KEY (Role_Type_Id);

ALTER TABLE NonAgentRoles
ADD CONSTRAINT PK_NonAgentRoles PRIMARY KEY (Team_Member_Id),
CONSTRAINT FK_NonAgentRolesEmployeeInformation FOREIGN KEY (Employee_Id) REFERENCES EmployeeInformation
ON UPDATE CASCADE
ON DELETE SET NULL,
CONSTRAINT FK_NonAgentRolesRoleType FOREIGN KEY (Role_Type_Id) REFERENCES RoleTypes
ON UPDATE CASCADE
ON DELETE SET NULL;

ALTER TABLE Infractions
ADD CONSTRAINT PK_Infractions PRIMARY KEY (Infraction_Id),
CONSTRAINT FK_InfractionsNonAgentRoles FOREIGN KEY (Team_Member_Id) References NonAgentRoles
ON UPDATE CASCADE
ON DELETE SET NULL;

ALTER TABLE ProbationPeriods
ADD CONSTRAINT PK_ProbationPeriods PRIMARY KEY (Probation_Id),
CONSTRAINT FK_ProbationPeriodsNonAgentRoles FOREIGN KEY (Team_Member_Id) References NonAgentRoles
ON UPDATE CASCADE
ON DELETE SET NULL;

ALTER TABLE Programs
ADD CONSTRAINT PK_Programs PRIMARY KEY (Program_Id),
CONSTRAINT FK_ProgramsNanAndCompanyProperties FOREIGN KEY (Company_Id) REFERENCES NanAndCompanyProperties
ON UPDATE CASCADE
ON DELETE CASCADE;

ALTER TABLE EnrollPrograms
ADD CONSTRAINT PK_EnrollPrograms PRIMARY KEY (Enroll_Id),
CONSTRAINT FK_EnrollProgramsProgams FOREIGN KEY (Program_Id) REFERENCES Programs,
CONSTRAINT FK_EnrollProgramsEmployeeInformation FOREIGN KEY (Employee_Id) REFERENCES EmployeeInformation;

ALTER TABLE Bootcamps
ADD CONSTRAINT PK_Bootcamps PRIMARY KEY (Bootcamp_Id),
CONSTRAINT FK_BootcampsPrograms FOREIGN KEY (Program_Id)REFERENCES Programs
ON UPDATE CASCADE
ON DELETE SET NULL;

ALTER TABLE Equipment
ADD CONSTRAINT PK_Equipment PRIMARY KEY (Equipment_Id),
CONSTRAINT FK_EquipmentBootcamps FOREIGN KEY (Bootcamp_Id) REFERENCES Bootcamps
ON UPDATE CASCADE
ON DELETE SET NULL;

ALTER TABLE Courses
ADD CONSTRAINT PK_Courses PRIMARY KEY (Course_Id),
CONSTRAINT FK_CoursesBootcamps FOREIGN KEY (Bootcamp_Id) REFERENCES Bootcamps
ON UPDATE CASCADE
ON DELETE SET NULL;
ALTER TABLE Instructors
ADD CONSTRAINT PK_Instructors PRIMARY KEY (Instructor_Id),
CONSTRAINT FK_InstructorsCourses FOREIGN KEY (Course_Id) REFERENCES Courses
ON UPDATE CASCADE
ON DELETE SET NULL;

ALTER TABLE RatingScale
ADD CONSTRAINT PK_RatingScale PRIMARY KEY (Rating_Id);

ALTER TABLE Feedbacks
ADD CONSTRAINT PK_Feedbacks PRIMARY KEY (Feedback_Id),
CONSTRAINT FK_FeedbacksCourses FOREIGN KEY (Course_Id) REFERENCES Courses
ON UPDATE CASCADE
ON DELETE SET NULL,
CONSTRAINT FK_FeedbacksRatingScale FOREIGN KEY (Rating_Id) REFERENCES RatingScale
ON UPDATE CASCADE
ON DELETE SET NULL;

ALTER TABLE Grades
ADD CONSTRAINT PK_Grades PRIMARY KEY (Grade_Id),
CONSTRAINT FK_GradesEmployeeInformation FOREIGN KEY (Employee_Id) REFERENCES EmployeeInformation,
CONSTRAINT FK_GradesBootcamps FOREIGN KEY (BootCamp_Id) REFERENCES Bootcamps;

ALTER TABLE Certificates
ADD CONSTRAINT PK_Certificates PRIMARY KEY (Certificate_Id),
CONSTRAINT FK_CertificatesGrades FOREIGN KEY (Grade_Id) REFERENCES Grades
ON UPDATE CASCADE
ON DELETE SET NULL;

ALTER TABLE AgentRanks
ADD CONSTRAINT PK_AgentRanks PRIMARY KEY (Rank_Id);

ALTER TABLE Agents
ADD CONSTRAINT PK_Agents PRIMARY KEY (Agent_Id),
CONSTRAINT FK_AgentsNonAgentRoles FOREIGN KEY (Team_Member_Id) REFERENCES NonAgentRoles
ON UPDATE CASCADE
ON DELETE SET NULL,
CONSTRAINT FK_AgentsCertificates FOREIGN KEY (Certificate_id) REFERENCES Certificates
ON UPDATE CASCADE
ON DELETE SET NULL,
CONSTRAINT FK_AgentsAgentRanks FOREIGN KEY (Rank_Id) REFERENCES AgentRanks 
ON UPDATE CASCADE
ON DELETE SET NULL;
ALTER TABLE Testimonials
ADD CONSTRAINT PK_Testimonials PRIMARY KEY (Testimonial_Id),
CONSTRAINT FK_TestimonialsAgents FOREIGN KEY (Agent_Id) REFERENCES Agents
ON UPDATE CASCADE
ON DELETE SET NULL,
CONSTRAINT FK_TestimonialsRatingScale FOREIGN KEY (Rating_Id) REFERENCES RatingScale
ON UPDATE CASCADE
ON DELETE SET NULL;

ALTER TABLE ReferralTypes
ADD CONSTRAINT PK_ReferralTypes PRIMARY KEY (Type_Id);

ALTER TABLE ReferralStatus
ADD CONSTRAINT PK_ReferralStatus PRIMARY KEY (Status_Id);

ALTER TABLE Referrals
ADD CONSTRAINT PK_Referrals PRIMARY KEY (Referral_Id),
CONSTRAINT FK_ReferralsAgents FOREIGN KEY (Agent_Id) REFERENCES Agents,
CONSTRAINT FK_ReferralsStatus FOREIGN KEY (Status_Id) REFERENCES ReferralStatus,
CONSTRAINT FK_ReferralsTypes FOREIGN KEY (Type_Id) REFERENCES ReferralTypes,
CONSTRAINT FK_ReferralsStates FOREIGN KEY (State_Id) REFERENCES States,
CONSTRAINT FK_ReferralsZipcodes FOREIGN KEY (Zipcode_Id) REFERENCES Zipcodes,
CONSTRAINT FK_ReferralsCountries FOREIGN KEY (Country_Id) REFERENCES Countries;

ALTER TABLE Clients
ADD CONSTRAINT PK_Clients PRIMARY KEY (Client_Id),
CONSTRAINT FK_ClientsNanAndCompanyProperties FOREIGN KEY (Company_Id) REFERENCES NanAndCompanyProperties,
CONSTRAINT FK_ClientsAgents FOREIGN KEY (Agent_Id) REFERENCES Agents,
CONSTRAINT FK_ClientsStates FOREIGN KEY (State_Id) REFERENCES States,
CONSTRAINT FK_ClientsZipcodes FOREIGN KEY (Zipcode_Id) REFERENCES Zipcodes,
CONSTRAINT FK_ClientsCountries FOREIGN KEY (Country_Id) REFERENCES Countries;

ALTER TABLE PropertyType
ADD CONSTRAINT PK_PropertyType PRIMARY KEY (Property_Id);

ALTER TABLE ListingInformation
ADD CONSTRAINT PK_ListingInformation Primary Key (Listing_Id),
CONSTRAINT FK_ListingInformationClient Foreign Key (Client_id) REFERENCES Clients
ON UPDATE CASCADE 
ON DELETE SET NULL,
CONSTRAINT FK_ListingInformationPropertyType Foreign Key (Property_id) REFERENCES PropertyType
ON UPDATE CASCADE 
ON DELETE SET NULL,
CONSTRAINT FK_ListingInformationStates Foreign Key (State_id) REFERENCES States
ON UPDATE CASCADE
ON DELETE SET NULL,
CONSTRAINT FK_ListingInformationZipcodes Foreign Key (Zipcode_id) REFERENCES Zipcodes
ON UPDATE CASCADE 
ON DELETE SET NULL,
CONSTRAINT FK_ListingInformationCountries Foreign Key (Country_id) REFERENCES Countries
ON UPDATE CASCADE
ON DELETE SET NULL;

ALTER TABLE ListingStatus
ADD CONSTRAINT PK_ListingStatus PRIMARY KEY (Status_id);

ALTER TABLE SaleListings
ADD CONSTRAINT PK_SaleListings PRIMARY KEY (Sale_Listing_Id),
CONSTRAINT FK_SaleListingsListingInformation FOREIGN KEY (Listing_Id) REFERENCES ListingInformation
ON UPDATE CASCADE
ON DELETE SET NULL,
CONSTRAINT FK_SaleListingsStatus FOREIGN KEY (Status_Id) REFERENCES ListingStatus
ON UPDATE CASCADE
ON DELETE SET NULL;

ALTER TABLE PaymentTypes
ADD CONSTRAINT PK_Payment_Types PRIMARY KEY (Payment_Type_Id);

ALTER TABLE Transactions
ADD CONSTRAINT PK_Transactions PRIMARY KEY (Transaction_Id),
CONSTRAINT FK_TransactionsSaleListings FOREIGN KEY (Sale_Listing_Id) REFERENCES SaleListings
ON UPDATE CASCADE
ON DELETE SET NULL,
CONSTRAINT FK_TransactionsPaymentTypes FOREIGN KEY (Payment_Type_Id) REFERENCES PaymentTypes
ON UPDATE CASCADE
ON DELETE SET NULL;

ALTER TABLE Amenities
ADD CONSTRAINT PK_Amenities PRIMARY KEY (Amenity_Id);

ALTER TABLE Features
ADD CONSTRAINT PK_Features Primary KEY (Feature_Id)

ALTER TABLE LeaseListings
ADD CONSTRAINT PK_LeaseListings PRIMARY KEY (Lease_Listing_Id),
CONSTRAINT FK_LeaseListingInformation FOREIGN KEY (Listing_Id) REFERENCES ListingInformation
ON UPDATE CASCADE
ON DELETE SET NULL,
CONSTRAINT FK_LeaseListingStatus FOREIGN KEY (Status_Id) REFERENCES ListingStatus
ON UPDATE CASCADE
ON DELETE SET NULL;

ALTER TABLE ListingAmenities
ADD CONSTRAINT PK_ListingAmenities PRIMARY KEY (Listing_Amenity_Id),
CONSTRAINT FK_ListingAmenitiesLeaseListings FOREIGN KEY (Lease_Listing_Id) REFERENCES LeaseListings
ON UPDATE CASCADE
ON DELETE SET NULL,
CONSTRAINT FK_Amenities FOREIGN KEY (Amenity_Id) REFERENCES Amenities
ON UPDATE CASCADE
ON DELETE SET NULL;

ALTER TABLE ListingFeatures
ADD CONSTRAINT PK_ListingFeatures PRIMARY KEY (Listing_Feature_Id),
CONSTRAINT FK_ListingsFeaturesLeaseListings FOREIGN KEY (Lease_Listing_Id) REFERENCES LeaseListings
ON UPDATE CASCADE
ON DELETE SET NULL,
CONSTRAINT FK_Features FOREIGN KEY (Feature_Id) REFERENCES Features
ON UPDATE CASCADE
ON DELETE SET NULL;

ALTER TABLE LeaseAgreements
ADD CONSTRAINT PK_LeasingAgreement PRIMARY KEY (Agreement_Id),
CONSTRAINT FK_LeaseingAgreementLeaseListing FOREIGN KEY (Lease_Listing_Id) REFERENCES LeaseListings
ON UPDATE CASCADE
ON DELETE SET NULL;

ALTER TABLE SignedLeases
ADD CONSTRAINT PK_SignedLease PRIMARY KEY (Signed_Lease_Id),
CONSTRAINT FK_SignedLeaseAgreement FOREIGN KEY (Agreement_Id) REFERENCES LeaseAgreements,
CONSTRAINT FK_SignedLeaseClients FOREIGN KEY (Client_Id) REFERENCES Clients;

ALTER TABLE AppointmentTopics
ADD CONSTRAINT PK_AppointmentTopic PRIMARY KEY (Topic_Id);

ALTER TABLE Appointments
ADD CONSTRAINT PK_Appointments PRIMARY KEY (Appointment_Id),
CONSTRAINT FK_AppointmentsAgents FOREIGN KEY (Agent_Id) REFERENCES Agents
ON UPDATE CASCADE
ON DELETE SET NULL,
CONSTRAINT FK_AppointmentsClients FOREIGN KEY (Client_Id) REFERENCES Clients
ON UPDATE CASCADE
ON DELETE SET NULL,
CONSTRAINT FK_AppointmentsTopics FOREIGN KEY (Topic_Id) REFERENCES AppointmentTopics
ON UPDATE CASCADE
ON DELETE SET NULL;

ALTER TABLE Campaigns
ADD CONSTRAINT PK_Campaigns PRIMARY KEY (Campaign_Id);

ALTER TABLE MarketingPlans
ADD CONSTRAINT PK_MarketPlans PRIMARY KEY (Plan_id),
CONSTRAINT FK_MarketPlansListingInformation FOREIGN KEY (Listing_id) REFERENCES ListingInformation,
CONSTRAINT FK_MarketPlansAgents FOREIGN KEY (Agent_id) REFERENCES Agents,
CONSTRAINT FK_MarketPlansCampaigns FOREIGN KEY (Campaign_id) REFERENCES Campaigns;

ALTER TABLE Complaints
ADD CONSTRAINT PK_Complaints PRIMARY KEY (Complaint_Id),
CONSTRAINT FK_ComplaintsNanAndCompanyProperties FOREIGN KEY (Company_id) REFERENCES NanAndCompanyProperties
ON UPDATE CASCADE
ON DELETE SET NULL;

ALTER TABLE TerminatedAgents
ADD CONSTRAINT PK_TerminatedAgents PRIMARY KEY (Termination_Id),
CONSTRAINT FK_TerminatedAgentsNanAndCompanyProperties FOREIGN KEY (Company_Id) REFERENCES NanAndCompanyProperties
ON UPDATE CASCADE
ON DELETE SET NULL;

ALTER TABLE SocialMedia
ADD CONSTRAINT PK_SocialMedia PRIMARY KEY (Social_Media_Id),
CONSTRAINT FK_SocialMediaNanAndCompanyProperties FOREIGN KEY (Company_Id) REFERENCES NanAndCompanyProperties
ON UPDATE CASCADE
ON DELETE SET NULL;

ALTER TABLE OpenHouses
ADD CONSTRAINT PK_OpenHouses PRIMARY KEY (Open_House_Id),
CONSTRAINT FK_OpenHousesListingInformation FOREIGN KEY (Listing_Id) REFERENCES ListingInformation,
CONSTRAINT FK_OpenHousesListingAgent FOREIGN KEY (Agent_Id) REFERENCES Agents;

ALTER TABLE CompanyLeads
ADD CONSTRAINT PK_CompanyLeads PRIMARY KEY (Company_Lead_Id),
CONSTRAINT FK_CompanyLeadsNanAndCompanyProperties FOREIGN KEY (Company_Id) REFERENCES NanAndCompanyProperties
ON UPDATE CASCADE
ON DELETE SET NULL;

ALTER TABLE AgentLeads
ADD CONSTRAINT PK_AgentLeads PRIMARY KEY (Agent_Lead_Id),
CONSTRAINT FK_AgentLeadsAgents FOREIGN KEY (Agent_Id) REFERENCES Agents
ON UPDATE CASCADE
ON DELETE SET NULL;

ALTER TABLE InstructCourses
ADD CONSTRAINT PK_InstructCourses PRIMARY KEY (Instruct_Course_Id),
CONSTRAINT FK_instructCoursesCourse FOREIGN KEY (Course_Id) REFERENCES Courses,
CONSTRAINT FK_InstructCoursesInstructor FOREIGN KEY (Instructor_Id) REFERENCES Instructors;









